#,Filename,Category,DateHint,FoundInHTML,MsgID,GregDate,HijriDate,Duration,PossibleSeries,LessonNum,TitleHint,TextSnippet
1,222_1024_هل_الردود_على_أهل_الباطل_تقسي_القلوب؟_الشيخ_صالح_الفوزانM4A.m4a,غير مصنف / يحتاج تحديد,,YES,4936,07/12/2024,,,,,,
2,4_5874187862630466395.m4a,غير مصنف / يحتاج تحديد,,NO,,,,,,5874187862630466395,,
3,4_5900009386402647755.m4a,غير مصنف / يحتاج تحديد,,NO,,,,,,5900009386402647755,,
4,4_5951754688528388802.m4a,غير مصنف / يحتاج تحديد,,NO,,,,,,5951754688528388802,,
5,4_5992475423785622177 (1).m4a,غير مصنف / يحتاج تحديد,,NO,,,,,,,,
6,Fiqh44.m4a,غير مصنف / يحتاج تحديد,,YES,6979,30/04/2026,1447/11/12,7:37,,,,🔸 الملخص الفقهي 🔸 للعلامة صالح الفوزان حفظه الله 🔹 الدرس الرابع والأربعون بجامع الورود من كتاب الصلاة(٢٤) باب صلاة المسبوق بحي الورورد بجدة - ١٤٤٧/١١/١٢ مع فضيلة الشيخ حسن بن محمد منصور الدغريري حفظه الله ورعاه 🎙 مدة الصوتية 7:37 دقيقة --- 📌 للاستماع عبر التلجرام: ╭─═┅┅┅┅┅┅┅═─╮ https://t.me/daririha
7,PTT-20240612-WA0002.m4a,غير مصنف / يحتاج تحديد,,NO,,,,,,0002,,
8,RxHz_fCLljQ.m4a,غير مصنف / يحتاج تحديد,,YES,194,09/10/2018,,,,,,خطبة جمعة صوم شعبان للشيخ حسن بن محمد منصور الدغريري رابط ملف الصوت المباشر: https://b.top4top.net/m_1012b2j481.m4a
9,S-LD0gmmtd4.m4a,غير مصنف / يحتاج تحديد,,YES,192,09/10/2018,,,وقفات رمضان,,,وقفات رمضان ( 3 ) - خطبة جمعة للشيخ حسن بن محمد منصور الدغريري .رابط ملف الصوت المباشر: https://e.top4top.net/m_1012vwkqu1.m4a
10,_⁨الأفنان_الندية_كتاب_الصلاة_الدرس_رقم_43⁩.m4a,غير مصنف / يحتاج تحديد,,YES,3922,27/12/2023,,48:29,,,الأفنان الندية,‏‌‏🔸 [ القراءة والتعليق على كتاب #الأفنان_الندية شرح السبل السوية ] 🔸 تأليف العلامة زيد بن محمد المدخلي رحمه الله 🔹 الدرس الثالث والأربعون : من كتاب الصلاة 🔹 باب صلاة السفر لفضيلة الشيخ حسن بن محمد منصور الدغريري حفظه الله 🎙للإستماع إلى الصوتية : https://t.me/daririhasan/3922 00:00 ـ──━━◉ 48:29 ا⇄ا 
11,audio.m4a,غير مصنف / يحتاج تحديد,,NO,,,,,,,,
12,combined_audio.m4a,غير مصنف / يحتاج تحديد,,YES,6951,29/04/2026,1447/11/10,30:17,تأسيس الأحكام,,,‏‌‏‌🔸 تأسيس الأحكام شرح عمدة الأحكام 🔸 للعلامة أحمد النجمي رحمه الله 🔹 الدرس الخامس والثلاثون - كتاب الصلاة - باب صلاة االخوف - بجامع الورود بحي الورود بجدة - ١٤٤٧/١١/١٠ مع فضيلة الشيخ حسن بن محمد منصور الدغريري حفظه الله ورعاه 🎙 مدة الصوتية: 30:17 دقيقة --- 📌 للاستماع عبر التلجرام: ╭─═┅┅┅┅┅┅┅═─╮ ht
13,dzybJzR7tug.m4a,غير مصنف / يحتاج تحديد,,YES,195,09/10/2018,,,خطبة عيد,,,خطبة عيد الفطر المبارك لعام 1439هـ للشيخ حسن بن محمد منصور الدغريري رابط ملف الصوت المباشر: https://a.top4top.net/m_1012o5q7j1.m4a
14,m_1393hf7bz1.m4a,غير مصنف / يحتاج تحديد,,YES,484,25/10/2019,,,,,,
15,m_2230775m51.m4a,غير مصنف / يحتاج تحديد,,NO,,,,,,51,,
16,أحكام القضاء للصيام ١٤٤١.m4a,غير مصنف / يحتاج تحديد,,YES,935,09/05/2020,1441/09/16,08:27,,,,••• ═══ ༻✿༺═══ ••• 【سلسلة حلقات رمضانية 1441هـ】 ❍‏ الحلقة الثانية عشر 🎤 (( أحكام القضاء للصيام )) 🎧 للشيخ حسن بن محمد منصور الدغريري حفظه الله ❒ 08:27 د ❒ السبت 16 رمضان 1441هـ 🔹رابط التحميل : 🖇 https://h.top4top.io/m_1590taswn1.m4a ••• ═══ ༻✿༺═══ ••• https://t.me/daririhasan/935
17,أخطاء_في_الطهارة_والصلاة_١_٧_٧_١٤٤٢.m4a,غير مصنف / يحتاج تحديد,,YES,1410,19/02/2021,1442/07/07,13:33,خطبة الجمعة,,,📌خطبة الجمعة 🌀 أخطاء في الطهارة والصلاة (١) 🌀 🎧 للشيخ الفاضل / حسن بن محمد منصور الدغريري -حفظه الله ورعاه- ⏰ المدة : 13:33 د 🗓 الجمعة 07 رجب 1442هـ 🔗 رابط الصوتية: 🖇 https://k.top4top.io/m_1876gkkmv1.m4a 🎥 رابط اليوتيوب: 🖇 ══ا ¤❁💎❁¤ ا══ 🔹 قناة الواتس آب : 🖇 https://chat.whatsapp.com/KXlr7A6TNu3Fnaj
18,أخطاء_في_الطهارة_والصلاة_٢_١٤_٧_١٤٤٢.m4a,غير مصنف / يحتاج تحديد,,YES,1418,26/02/2021,1442/07/14,9:54,خطبة الجمعة,,,📌خطبة الجمعة 🌀 أخطاء في الطهارة والصلاة (٢) 🌀 🎧 للشيخ الفاضل / حسن بن محمد منصور الدغريري -حفظه الله ورعاه- ⏰ المدة : 9:54 د 🗓 الجمعة 14 رجب 1442هـ 🔗 رابط الصوتية: 🖇 https://e.top4top.io/m_1883fylxp1.m4a 🎥 رابط اليوتيوب: 🖇 ══ا ¤❁💎❁¤ ا══ 🔹 قناة الواتس آب : 🖇 https://chat.whatsapp.com/KXlr7A6TNu3Fnaji
19,أضرار القات ١٩-٢-١٤٤١.m4a,غير مصنف / يحتاج تحديد,,YES,478,19/10/2019,,,,,,
20,أهمية_العناية_بالتوحيد_والدعوة_إليه.m4a,غير مصنف / يحتاج تحديد,,YES,1187,10/09/2020,,2:08,,,فوائد,📌 #فوائد 🏮 #مقاطع_صوتية • أهمية العناية بالتوحيد والدعوة إليه • 🎧 للشيخ الفاضل: #حسن_بن_محمد_منصور_الدغريري حفظه الله ⏳مدة المقطع : ٢:٠٨ د⏳ 📲 رابط التحميل والاستماع : 🖇 https://f.top4top.io/m_1714iti8g1.m4a 🎥 رابط المشاهدة : 🖇 https://youtu.be/UZe_JG5UhNE 📤 رابط القناة على التلجرام👇 🖇 https://t.me/d
21,أهمية_طلب_العلم_في_زمن_الفتن_١٤٤٠،٤،٢٩.m4a,غير مصنف / يحتاج تحديد,,YES,245,06/01/2019,,,أحاديث الفتن,,متجدد,📌 #متجدد : 🎧 كلمة إفتتاحية للدورة الثالثة في العقيدة : #أهمية_طلب_العلم_في_زمن_الفتن 🎙 للشيخ الفاضل: #حسن_بن_محمد_منصور_الدغريري -حفظه الله ورعاه- بتاريخ: ٢٩ / ٤ / ١٤٤٠هـ 🔊 للاستماع والتحميل: 🖇 https://j.top4top.io/m_36636weza1.m4a 🎥 رابط المشاهدة: 🖇 https://youtu.be/K2m6WXcGuEU --------------------
22,اشراط الساعة الصغرى 1.m4a,غير مصنف / يحتاج تحديد,,NO,,,,,,1,,
23,الامر بالمعروف والنهي عن المنكر.m4a,غير مصنف / يحتاج تحديد,,NO,,,,,,,,
24,الأفنان_الندية_باب_سبحة_الضحى_الدرس_رقم_36.m4a,غير مصنف / يحتاج تحديد,,NO,,,,,,36,,
25,التحذير_من_سبل_الشيطان_من_إفراط_أو_تفريط.m4a,غير مصنف / يحتاج تحديد,,NO,,,,,,,,
26,التعليق_على_إرشاد_الساري_38_والأخير.m4a,غير مصنف / يحتاج تحديد,,YES,1139,19/08/2020,,,,,جديد الدروس,📌 #جديد_الدروس : 📕 #شرح_كتاب_شرح_السنة_للبربهاري •الدرس الثامن والثلاثون والأخير ٣٨ 🎧 للشيخ الفاضل: #حسن_بن_محمد_منصور_الدغريري حفظه الله 📲 رابط التحميل والاستماع : 🔗 https://k.top4top.io/m_1691bxbco1.m4a 📤 رابط القناة على التلجرام👇 🖇 https://t.me/daririhasan/1139 📥 رابط القناة على الواتس👇 🖇 https:/
27,التعليق_على_تأسيس_الأحكام_على_ما_صح_من_خير_الأنام_بشرح_zos88VZk4dU.m4a,غير مصنف / يحتاج تحديد,,YES,5799,23/10/2025,,,عمدة الأحكام,,جديد الدروس,#جديد_الدروس 📕 التعليق على كتاب ﴿ #تأسيس_الأحكام على ما صح من خير الأنام بشرح عمدة الأحكام﴾ 🎙 الشيخ الفاضل / #حسن_بن_محمد_منصور_الدغريري حفظه الله تعالى ووفقه 🔸الــــــــــــــــدرس (37) 🔗رابط اليوتيوب: 🔗 https://youtu.be/zos88VZk4dU 📮قناة إذاعة طلاب العلم للتسجيل الدروس 📮 https://t.me/iidhaeattulaa
28,التعليق_على_كتاب_تأسيس_الأحكام_على_ما_صح_من_خير_الأنام_بشرح_عمدة (1).m4a,غير مصنف / يحتاج تحديد,,NO,,,,,تأسيس الأحكام,,,
29,التعليق_على_كتاب_تأسيس_الأحكام_على_ما_صح_من_خير_الأنام_بشرح_عمدة (2).m4a,غير مصنف / يحتاج تحديد,,NO,,,,,تأسيس الأحكام,,,
30,التعليق_على_كتاب_تأسيس_الأحكام_على_ما_صح_من_خير_الأنام_بشرح_عمدة (3).m4a,غير مصنف / يحتاج تحديد,,NO,,,,,تأسيس الأحكام,,,
31,التعليق_على_كتاب_تأسيس_الأحكام_على_ما_صح_من_خير_الأنام_بشرح_عمدة.m4a,غير مصنف / يحتاج تحديد,,NO,,,,,تأسيس الأحكام,,,
32,التعليق_على_كتاب_﴿تأسيس_الأحكام_على_ما_صح_من_خير_الأنام_بشرح_عمدة (1).m4a,غير مصنف / يحتاج تحديد,,NO,,,,,تأسيس الأحكام,,,
33,التعليق_على_كتاب_﴿تأسيس_الأحكام_على_ما_صح_من_خير_الأنام_بشرح_عمدة (2).m4a,غير مصنف / يحتاج تحديد,,NO,,,,,تأسيس الأحكام,,,
34,التعليق_على_كتاب_﴿تأسيس_الأحكام_على_ما_صح_من_خير_الأنام_بشرح_عمدة (3).m4a,غير مصنف / يحتاج تحديد,,NO,,,,,تأسيس الأحكام,,,
35,التعليق_على_كتاب_﴿تأسيس_الأحكام_على_ما_صح_من_خير_الأنام_بشرح_عمدة.m4a,غير مصنف / يحتاج تحديد,,NO,,,,,تأسيس الأحكام,,,
36,التعليق_على_مافعله_صعافقة_برمنجهام.m4a,غير مصنف / يحتاج تحديد,,NO,,,,,,,,
37,التوحيد٢٢.m4a,غير مصنف / يحتاج تحديد,,YES,7213,12/05/2026,1447/11/23,6:02,التعليق على كتاب التوحيد,,,🔸 الملخص شرح كتاب التوحيد 🔸 للعلامة صالح الفوزان حفظه الله 🔹 الدرس الدرس الثامن والأربعين تابع باب ما جاء في الكهان ونحوهم بجامع الورود بحي الورورد بجدة ١٤٤٧/١١/٢٣ مع فضيلة الشيخ حسن بن محمد منصور الدغريري حفظه الله ورعاه 🎙 مدة الصوتية: 6:02 دقيقة --- 📌 للاستماع عبر التلجرام: ╭─═┅┅┅┅┅┅┅═─╮ https://t
38,التٙعليق_علىٰ_باب_اتباع_سنن_اليهود_والنصارى.m4a,غير مصنف / يحتاج تحديد,,NO,,,,,,,,
39,الدرس السابع عشر.m4a,غير مصنف / يحتاج تحديد,,YES,4751,14/10/2024,,,,,جديد الدروس,📌 #جديد_الدروس : 📕 قراءة وتعليق على #كتاب_الحج من #الأفنان_الندية_شرح_السبل_السوية في فقه السنن المروية للعلامة زيد بن هادي المدخلي رحمه الله 🔹الدرس السابع عشر 🎧 للشيخ الفاضل: #حسن_بن_محمد_منصور_الدغريري حفظه الله 📲 رابط التحميل والاستماع : 🔗 https://t.me/daririhasan/2308 📆 لعام ١٤٤٣هـ / تتمة لدروس 
40,الدُّخَان ٢٩ - ٢ - ١٤٤٢.m4a,غير مصنف / يحتاج تحديد,,YES,1240,16/10/2020,1442/02/29,11:45,خطبة الجمعة,,,📌خطبة الجمعة 🌀 الدُّخَان 🌀 🎙للشيخ حسن بن محمد الدغريري -غفر الله له ولوالديه- ⏰ المدة : 11:45 د 🗓 الجمعة 29 صفر 1442هـ 🔗 رابط الصوتية: 🖇 https://f.top4top.io/m_1750x4fp11.m4a 🔗 رابط اليوتيوب: 🖇 https://youtu.be/N9Qx415ykTk ══ا ¤❁💎❁¤ ا══ 🔹 قناة الشيخ حسن الدغريري على الواتس https://chat.whatsapp.com/
41,الرد الشرعي المعقول.m4a,غير مصنف / يحتاج تحديد,,YES,4095,01/02/2024,,40:09,,,الرد الشرعي المعقول على المتصل المجهول,‏‌‏‌‏‌‏🔸 [ القراءة في كتاب #الرد_الشرعي_المعقول_على_المتصل_المجهول ] 🔸 للعلامة أحمد بن يحيى النجمي -رحمه الله- 🔹 الدرس الثاني لفضيلة الشيخ حسن بن محمد منصور الدغريري حفظه الله 🎙للإستماع إلى الصوتية : https://t.me/daririhasan/4095 00:00 ـ──━━◉ 40:09 ا⇄ا ▷▷ I I ◁◁ ↻ رابط القناة على التلجرام⇙ ╭─═┅┅┅┅┅┅
42,الشيخ حسن.m4a,غير مصنف / يحتاج تحديد,,YES,2442,12/10/2022,1444/03/15,,,,جديد الدروس,🔗 📌 #جديد_الدروس : 📕 الدرس الخامس عشر : #التعليقات_الأثرية_على_العقيدة_الواسطية للعلامة أحمد بن يحيى النجمي رحمه الله 🎤 القراءة والتعليق للشيخ الفاضل: #حسن_بن_محمد_منصور_الدغريري حفظه الله 📋 الثلاثاء ١٥ ربيع الأول ١٤٤٤هـ 📲 رابط التحميل والاستماع : 🔗 https://a.top4top.io/m_24758qkm00.m4a 🖥 رابط المشا
43,العمل الصالح بعد رمضان.m4a,غير مصنف / يحتاج تحديد,,YES,976,29/05/2020,,19:56,خطبة عيد,,من الأرشيف,#من_الأرشيف 📌 خطبة عيد الفطر المبارك لعام ١٤٣٦ 🌀 العمل الصالح بعد رمضان 🌀 🎙للشيخ حسن بن محمد الدغريري -غفر الله له ولوالديه- ⏰ مدة المقطع #19:56 د 🔗 رابط الصوتية: 🔗 https://d.top4top.io/m_1609ffroq1.m4a 🔗 رابط اليوتيوب: 🔗 https://youtu.be/MGUOBbhE4Uw ══ا ¤❁💎❁¤ ا══ 🔹 قناة الشيخ حسن الدغريري على الوات
44,المورد العذب٢.m4a,غير مصنف / يحتاج تحديد,,YES,7218,12/05/2026,,52:21,المورد العذب الزلال,,,🔸 المورد العذب الزلال 🔸 للعلامة أحمد النجمي حفظه الله 🔹 الدرس الخامس عشر بجامع الورود بحي الورورد بجدة - السبت ٢٢ /١١ /١٤٤٧ مع فضيلة الشيخ حسن بن محمد منصور الدغريري حفظه الله ورعاه 🎙 مدة الصوتية: 52:21 دقيقة --- 📌 للاستماع عبر التلجرام: ╭─═┅┅┅┅┅┅┅═─╮ https://t.me/daririhasan/7218 ╰─═┅┅┅┅┅┅┅═─╯ 📌 را
45,المورد.m4a,غير مصنف / يحتاج تحديد,,YES,7344,18/05/2026,,45:22,المورد العذب الزلال,,,🔸 المورد العذب الزلال 🔸 للعلامة أحمد النجمي حفظه الله 🔹 الدرس السادس عشر بجامع الورود بحي الورورد بجدة - السبت ٢٩ /١١ /١٤٤٧ مع فضيلة الشيخ حسن بن محمد منصور الدغريري حفظه الله ورعاه 🎙 مدة الصوتية: 45:22 دقيقة --- 📌 للاستماع عبر التلجرام: ╭─═┅┅┅┅┅┅┅═─╮ https://t.me/daririhasan/7344 ╰─═┅┅┅┅┅┅┅═─╯ 📌 را
46,أسباب_صلاح_الأولاد@_١٤_١١_١٤٣٩.m4a,غير مصنف / يحتاج تحديد,,YES,212,25/10/2018,,15:35,خطبة الجمعة,,,•┈┈┈•✿❁✿•┈┈┈• 📌خطبة الجمعة 🌀 أسباب صلاح الأولاد 🌀 🎙للشيخ حسن بن محمد الدغريري -غفر الله له ولوالديه- ⏰ مدة المقطع # 15:35 د رابط الصوتية # https://a.top4top.net/m_1012g91b01.m4a 📆 ١٤ - ١١ - ١٤٣٩ ══ا ¤❁💎❁¤ ا══ 🔹 قناة الشيخ حسن الدغريري على الواتس https://chat.whatsapp.com/DUvpoPZFcBk22nVL1nIrVg ══ا ¤
47,تأسيس الأحكام.m4a,غير مصنف / يحتاج تحديد,,YES,4098,01/02/2024,,41:15,تأسيس الأحكام,,,‌‏‌‏‌‏‌‏🔸 [تأسيس الأحكام - كتاب الزكاة (٢) ] 🔸 للعلامة أحمد بن يحيى النجمي -رحمه الله- 🔹 الدرس الثامن والثمانون لفضيلة الشيخ حسن بن محمد منصور الدغريري حفظه الله 🎙للإستماع إلى الصوتية : https://t.me/daririhasan/4098 00:00 ـ──━━◉ 41:15 ا⇄ا ▷▷ I I ◁◁ ↻ رابط القناة على التلجرام⇙ ╭─═┅┅┅┅┅┅┅═─╮ https://t
48,تسجيل جديد ٦٤٥.m4a,غير مصنف / يحتاج تحديد,,YES,7062,03/05/2026,,19:19,أفنان الندية,,,🔸 الأفنان الندية - كتاب النكاح 🔸 للعلامة زيد بن هادي مدخلي رحمه الله 🔹 الدرس التاسع - كتاب النكاح(٩) - باب الصداق عن بُعد - ١٦/ ١١ / ١٤٤٧ مع فضيلة الشيخ حسن بن محمد منصور الدغريري حفظه الله ورعاه 🎙 مدة الصوتية : 19:19 دقيقة --- 📌 للاستماع عبر التلجرام: ╭─═┅┅┅┅┅┅┅═─╮ https://t.me/daririhasan/6950 ╰─═
49,تفسير سورة الاخلاص والفلق والناس.m4a,غير مصنف / يحتاج تحديد,,YES,1312,01/12/2020,,,تفسير,,جديد الدروس,📌 #جديد_الدروس : 📕 [تفسير سورة الإخلاص، وسورة الفلق، وسورة الناس] #تفسير_العلامة_ابن_سعدي رحمه الله 🎧 للشيخ الفاضل: #حسن_بن_محمد_منصور_الدغريري حفظه الله 📲 رابط التحميل والاستماع : 🔗 https://i.top4top.io/m_1796nl0z91.m4a 📤 رابط القناة على التلجرام👇 🖇 https://t.me/daririhasan/1312 📥 رابط القناة على ا
50,تفسير_سورة_الشرح_لفضيلة_الشيخ_حسن_بن_محمد_منصور_دغريري_E_mrY_C4CRM.m4a,غير مصنف / يحتاج تحديد,,YES,4531,02/08/2024,,,تفسير,,جديد التسجيلات,#جديد_التسجيلات | تفسير سورة الشرح | لفضيلة الشيخ حسن بن محمد منصور دغريري ٢٦ - ١ -١٤٤٦هـ 🖇 https://youtu.be/E-mrY_C4CRM?si=3N50mQgFEM7S_oGr ================= 🖇 https://t.me/daririhasan/4531
51,تنبيه اانام.m4a,غير مصنف / يحتاج تحديد,,YES,7341,18/05/2026,,35:19,تنبيه الأنام,,,🔸 تنبيه الانام على ما في كتاب سبل السلام من الفوائد والأحكام 🔸 للعلامة أحمد النجمي رحمه الله 🔹 الدرس الخامس عشر بجامع الورود بحي الورود بجدة - ٢٩ / ١١ / ١٤٤٧ مع فضيلة الشيخ حسن بن محمد منصور الدغريري حفظه الله ورعاه 🎙 مدة الصوتية: 35:19 دقيقة --- 📌 للاستماع عبر التلجرام: ╭─═┅┅┅┅┅┅┅═─╮ https://t.me/d
52,تنبيه الأنام .m4a,غير مصنف / يحتاج تحديد,,YES,6327,01/02/2026,,53:27,تنبيه الأنام,,,🔸 تنبيه الانام على ما في كتاب سبل السلام من الفوائد والأحكام كتاب الطهارة 🔸 للعلامة أحمد النجمي رحمه الله 🔹 الدرس السادس من كتاب الطهارة بجامع الورود بحي الورود بجدة - السبت ١٢ / ٨ /١٤٤٧ مع فضيلة الشيخ حسن بن محمد منصور الدغريري حفظه الله ورعاه 🎙 مدة الصوتية: 53:27 دقيقة --- 📌 للاستماع عبر التلجرام:
53,تنبيه_الانام_على_ما_في_كتاب_سبل_السلام٨١١_١٤٤٧.m4a,غير مصنف / يحتاج تحديد,,YES,6943,29/04/2026,,36:08,تنبيه الأنام,,,🔸 تنبيه الانام على ما في كتاب سبل السلام من الفوائد والأحكام كتاب الطهارة - باب قضاء الحاجة 🔸 للعلامة أحمد النجمي رحمه الله 🔹 الدرس الحادي عشر بجامع الورود بحي الورود بجدة - السبت ٨ / ١١ / ١٤٤٧ مع فضيلة الشيخ حسن بن محمد منصور الدغريري حفظه الله ورعاه 🎙 مدة الصوتية: 36:08 دقيقة --- 📌 للاستماع عبر ال
54,جديد_ثناء_شيخ_حسن_الدغريري_على_شيخ_احمد_الحكمي.m4a,غير مصنف / يحتاج تحديد,,NO,,,,,,,,
55,جمعية_الدعوة_والإرشاد_في_محافظة_صامطة_الدرس_الأول_شرح_أركان_الإيمان.m4a,غير مصنف / يحتاج تحديد,,YES,1564,29/05/2021,,,,,عن بعد,‏ 💡( ‎ #عن_بعد )💡 #دورة_الصم_وضعاف_السمع لعامها #21 🟢مترجم ‎ #بلغة_الإشارة 📚بعنوان: #أركان_الإيمان ✍ الدرس الأول 🔹فضيلة الشيخ/ حسن بن محمد منصور دغريري 📽️ عبر قناة جمعية الدعوة بصامطة على اليوتيوب : 🖇 https://youtu.be/uGwRrVme_Go 🕹 رابط التحميل الصوتي : 🖇 https://a.top4top.io/m_1974yqa7u1.m4a ══ا ¤❁
56,حسن (1) (1).m4a,غير مصنف / يحتاج تحديد,,NO,,,,,,,,
57,خروج الدابة في آخر الزمان.m4a,غير مصنف / يحتاج تحديد,,NO,,,,,,,,
58,خروج المسيح الدجال.m4a,غير مصنف / يحتاج تحديد,,NO,,,,,,,,
59,درر وفوائد - فضل الدعوة إلى الله.m4a,غير مصنف / يحتاج تحديد,,YES,1251,19/10/2020,,1:02,التعليق على كتاب التوحيد,,فوائد,📌 #فوائد 🏮 #مقاطع_صوتية • فضل الدعوة إلى الله • 🎧 للشيخ الفاضل: #حسن_بن_محمد_منصور_الدغريري حفظه الله ⏳مدة المقطع : ١:٠٢ د⏳ ===> مستفاد من الدرس السابع من التعليق على شرح كتاب التوحيد 📲 رابط التحميل والاستماع : 🖇 https://h.top4top.io/m_17531lcra1.m4a 🎥 رابط المشاهدة : 🖇 https://youtu.be/HFmIi_smDYA 
60,دغريري.mp3.m4a,غير مصنف / يحتاج تحديد,,NO,,,,,,3,,
61,ش_عبد_الهادي_ش_حسن_الدغريري_ش_خالد_نمازي.m4a,غير مصنف / يحتاج تحديد,,NO,,,,,,,,
62,شرح_كتاب_التوحيد_للشيخ_حسن_بن_محمد_الدغريري.m4a,غير مصنف / يحتاج تحديد,,YES,2008,09/02/2022,1443/07/07,,,,جديد الدروس,📌 #جديد_الدروس : 📕 الدرس الثاني والخمسون والأخير - ٥٢ - : #التعليق_على_شرح_كتاب_التوحيد للعلامة أحمد بن يحيى النجمي رحمه الله 🔹 باب ما جاء في ذمة الله وفي ذمة نبيه ﷺ 🔹 باب ما جاء في الإقسام على الله 🔹 باب لا يستشفع بالله على خلقه 🔹 باب ما جاء في حماية النبي ﷺ حمى التوحيد وسده طرق الشرك 🔹 باب ما جاء 
63,صفة الجنة من سورة الواقعة (معدلة)2.m4a,غير مصنف / يحتاج تحديد,,NO,,,,,,2,,
64,صفة الجنة من سورة الواقعة 1.m4a,غير مصنف / يحتاج تحديد,,NO,,,,,,1,,
65,صلاتي الفجر والعصر.m4a,غير مصنف / يحتاج تحديد,,NO,,,,,,,,
66,عمده_الاحكام الشيخ_حسن_الدغريري حفظه.m4a,غير مصنف / يحتاج تحديد,,NO,,,,,,,,
67,قراءة_مقال_وفاة_الشيخ_ناصر_قحل_رحمه_الله.m4a,غير مصنف / يحتاج تحديد,,YES,7226,12/05/2026,1447/11/24,11:36,,,,🔸 قراءة مقال وفاة الشيخ ناصر قحل رحمه الله عن بُعد - ١٤٤٧/١١/٢٤ مع فضيلة الشيخ حسن بن محمد منصور الدغريري حفظه الله ورعاه 🎙 مدة الصوتية : 11:36 دقيقة --- 📌 للاستماع عبر التلجرام: ╭─═┅┅┅┅┅┅┅═─╮ https://t.me/daririhasan/7226 ╰─═┅┅┅┅┅┅┅═─╯ 📌 رابط القناة على الواتساب: ╭─═┅┅┅┅┅┅┅═─╮ https://chat.whatsapp
68,قصة ابني آدم ٢٠ - ٦ - ١٤٣٨.m4a,غير مصنف / يحتاج تحديد,,YES,1347,20/12/2020,1438/06/20,18:36,خطبة الجمعة,,,📌خطبة الجمعة 🌀 قصة ابني آدم عليه السلام 🌀 🎧 للشيخ الفاضل / حسن بن محمد منصور الدغريري -حفظه الله ورعاه- ⏰ المدة : 18:36 د 🗓 الجمعة 20 جمادى الآخرة 1438هـ 🔗 رابط الصوتية: 🖇 https://l.top4top.io/m_1814sh5890.m4a 🎥 رابط اليوتيوب: 🖇 https://youtu.be/m917MIoOtzE ══ا ¤❁💎❁¤ ا══ 🔹 قناة الواتس آب : 🖇 https:/
69,قصة_الإسراء_والمعراج_٢٧_٧_١٤٣٩.m4a,غير مصنف / يحتاج تحديد,,YES,209,18/10/2018,,19:00,خطبة الجمعة,,,•┈┈┈•✿❁✿•┈┈┈• 📌خطبة الجمعة •/ قصة الإسراء والمعراج /• 🎙للشيخ الفاضل حسن بن محمد الدغريري -غفر الله له ولوالديه- ⏰ المدة: 19:00 د رابط الصوتية: https://a.top4top.io/m_2605e8pii1.m4a 📆 ٢٧ - ٧ - ١٤٣٩هـ ══ا ¤❁💎❁¤ ا══ 🔹 قناة الشيخ حسن الدغريري على الواتس https://chat.whatsapp.com/DUvpoPZFcBk22nVL1nIrVg ═
70,كلمة_توجيهية_بين_يدي_مجالس_قراءة_الملخص_شرح_كتاب_التوحيد.m4a,غير مصنف / يحتاج تحديد,,NO,,,,,التعليق على كتاب التوحيد,,,
71,كلمة_لابن_عقيل_عن_النجمي_رحمه_الله.m4a,غير مصنف / يحتاج تحديد,,NO,,,,,,,,
72,مفاسد المظاهرات.m4a,غير مصنف / يحتاج تحديد,,NO,,,,,,,,
73,موجز التوحيد.m4a,غير مصنف / يحتاج تحديد,,YES,7074,04/05/2026,1447/11/15,54:29,الموجز الممهد,,,‏‌‏‌🔸 الشرح الموجز الممهد لتوحيد الخالق الممجد الذي ألفه شيخ الإسلام محمد 🔸 للعلامة أحمد النجمي حفظه الله 🔹 الدرس السابع - بجامع الورود بحي الورورد بجدة - ١٤٤٧/١١/١٥ مع فضيلة الشيخ حسن بن محمد منصور الدغريري حفظه الله ورعاه 🎙 مدة الصوتية: 54:29 دقيقة --- 📌 للاستماع عبر التلجرام: ╭─═┅┅┅┅┅┅┅═─╮ https:
74,مورد العذب.m4a,غير مصنف / يحتاج تحديد,,YES,7075,04/05/2026,,1:00,المورد العذب الزلال,,,🔸 المورد العذب الزلال 🔸 للعلامة أحمد النجمي حفظه الله 🔹 الدرس الرابع عشر بجامع الورود بحي الورورد بجدة - السبت ١٥ /١١ /١٤٤٧ مع فضيلة الشيخ حسن بن محمد منصور الدغريري حفظه الله ورعاه 🎙 مدة الصوتية: 1:00:19 دقيقة --- 📌 للاستماع عبر التلجرام: ╭─═┅┅┅┅┅┅┅═─╮ https://t.me/daririhasan/7075 ╰─═┅┅┅┅┅┅┅═─╯ 📌 
75,نصيحة العلامة النجمي.m4a,غير مصنف / يحتاج تحديد,,YES,4018,22/01/2024,,,,,فوائد,#فوائد ♦| « دفاعا عن العلامة الألباني -رحمه الله- ①» 🖋 يقول العلامة أحمد بن يحيى النجمي -رحمه الله-: «فيا إخوة أحذركم من أن تقولوا في الألباني شيئا، لعلكم يعني تحتجون بما صححه، تحتجون بما حسنه، تحتجون بقوله في الأحاديث، ينبغي لكم ألا تلوموه ولا تلوموه ولا تقولوا إنه مرجئ!! فإن هذا كلام سيء ولا يجوز 
76,وقفات في الزكاة ( ١ ) .m4a,غير مصنف / يحتاج تحديد,,NO,,,,,,,,
77,وقفات في الزكاة ( ٢ ).m4a,غير مصنف / يحتاج تحديد,,NO,,,,,,,,
78,AUD-20181213-WA0047.m4a,AUD-YYYYMMDD-WA,13/12/2018,NO,,,,,,0047,,
79,AUD-20181229-WA0010.m4a,AUD-YYYYMMDD-WA,29/12/2018,NO,,,,,,0010,,
80,AUD-20190101-WA0019.m4a,AUD-YYYYMMDD-WA,01/01/2019,NO,,,,,,0019,,
81,AUD-20190103-WA0033.m4a,AUD-YYYYMMDD-WA,03/01/2019,NO,,,,,,0033,,
82,AUD-20190103-WA0035.m4a,AUD-YYYYMMDD-WA,03/01/2019,NO,,,,,,0035,,
83,AUD-20190111-WA0005.m4a,AUD-YYYYMMDD-WA,11/01/2019,NO,,,,,,0005,,
84,AUD-20190128-WA0011.m4a,AUD-YYYYMMDD-WA,28/01/2019,NO,,,,,,0011,,
85,AUD-20210223-WA0002.m4a,AUD-YYYYMMDD-WA,23/02/2021,NO,,,,,,0002,,
86,AUD-20210225-WA0003.m4a,AUD-YYYYMMDD-WA,25/02/2021,NO,,,,,,0003,,
87,AUD-20210226-WA0002.m4a,AUD-YYYYMMDD-WA,26/02/2021,NO,,,,,,0002,,
88,AUD-20210303-WA0000.m4a,AUD-YYYYMMDD-WA,03/03/2021,YES,1424,03/03/2021,,,,,جديد الدروس,📌 #جديد_الدروس : 📕 الدرس الثاني والعشرون : #التعليق_على_شرح_كتاب_التوحيد للعلامة أحمد بن يحيى النجمي رحمه الله 🔹باب ماجاء من التغليظ فيمن عبد الله عند قبر رجل صالح فكيف إذا عبده 🎧 للشيخ الفاضل: #حسن_بن_محمد_منصور_الدغريري حفظه الله 📲 رابط التحميل والاستماع : 🔗 https://i.top4top.io/m_1888zbkj71.m4a 📤
89,AUD-20210310-WA0000.m4a,AUD-YYYYMMDD-WA,10/03/2021,YES,1443,10/03/2021,,,,,جديد الدروس,📌 #جديد_الدروس : 📕 الدرس الثالث والعشرون : #التعليق_على_شرح_كتاب_التوحيد للعلامة أحمد بن يحيى النجمي رحمه الله 🔹باب ماجاء أن الغلو في قبور الصالحين تصيرها أوثانا تعبد من دون الله 🎧 للشيخ الفاضل: #حسن_بن_محمد_منصور_الدغريري حفظه الله 📲 رابط التحميل والاستماع : 🔗 https://c.top4top.io/m_1895p59eg1.m4a 
90,AUD-20210323-WA0004.m4a,AUD-YYYYMMDD-WA,23/03/2021,YES,1455,24/03/2021,,,,,جديد الدروس,📌 #جديد_الدروس : 📕 الدرس الرابع والعشرون : #التعليق_على_شرح_كتاب_التوحيد للعلامة أحمد بن يحيى النجمي رحمه الله 🔹باب ماجاء في حماية المصطفى صلى الله عليه وسلم جناب التوحيد، وسد كل طريق يوصل إلى الشرك 🎧 للشيخ الفاضل: #حسن_بن_محمد_منصور_الدغريري حفظه الله 📲 رابط التحميل والاستماع : 🔗 https://f.top4top.
91,AUD-20210407-WA0000.m4a,AUD-YYYYMMDD-WA,07/04/2021,YES,1483,07/04/2021,,,,,جديد الدروس,📌 #جديد_الدروس : 📕 الدرس السادس والعشرون : #التعليق_على_شرح_كتاب_التوحيد للعلامة أحمد بن يحيى النجمي رحمه الله 🔹باب ماجاء أن بعض هذه الأمة بعبد الأوثان (تكملة) 🎧 للشيخ الفاضل: #حسن_بن_محمد_منصور_الدغريري حفظه الله 📲 رابط التحميل والاستماع : 🔗 https://j.top4top.io/m_1922557ul1.m4a 📤 رابط القناة على ا
92,AUD-20210515-WA0004.m4a,AUD-YYYYMMDD-WA,15/05/2021,YES,1537,15/05/2021,,10:14,خطبة عيد,,,📌 جديد الخطب 🔹 خطبة عيد الفطر المبارك لعام ١٤٤٢ 🔹 🎙للشيخ الفاضل/ حسن بن محمد منصور الدغريري -غفر الله له ولوالديه- ⏰ مدة المقطع 10:14 د 🔗 رابط الصوتية: 🔗 https://h.top4top.io/m_1961h1oft1.m4a 🔗 رابط اليوتيوب: 🔗 ══ا ¤❁💎❁¤ ا══ 🔹 قناة الشيخ حسن الدغريري على الواتس https://chat.whatsapp.com/Jw6zLpxlvAKL
93,AUD-20210519-WA0001.m4a,AUD-YYYYMMDD-WA,19/05/2021,YES,1544,19/05/2021,1442/10/06,,,,جديد الدروس,📌 #جديد_الدروس : 📕 الدرس السابع والعشرون : #التعليق_على_شرح_كتاب_التوحيد للعلامة أحمد بن يحيى النجمي رحمه الله 🔹باب ماجاء في السحر 🎧 للشيخ الفاضل: #حسن_بن_محمد_منصور_الدغريري حفظه الله 📋 الثلاثاء ٦ شوال ١٤٤٢هـ 📲 رابط التحميل والاستماع : 🔗 https://d.top4top.io/m_19649ivj31.m4a 📤 رابط القناة على التلج
94,AUD-20210525-WA0001.m4a,AUD-YYYYMMDD-WA,25/05/2021,YES,1553,25/05/2021,1442/10/12,,,,جديد الدروس,📌 #جديد_الدروس : 🔖 الدرس الأول 🔹التعليق على متن #الأصول_الثلاثة 🔹 📓 للإمام المجدد محمد بن عبد الوهاب رحمه الله 🎧 للشيخ الفاضل: #حسن_بن_محمد_منصور_الدغريري حفظه الله 📋 الاثنين ١٢ شوال ١٤٤٢هـ 📲 رابط التحميل والاستماع : 🔗 https://f.top4top.io/m_19717ndjr1.m4a 📤 رابط القناة على التلجرام👇 🖇 https://t.me/
95,AUD-20210526-WA0001.m4a,AUD-YYYYMMDD-WA,26/05/2021,YES,1556,26/05/2021,1442/10/13,,,,جديد الدروس,📌 #جديد_الدروس : 📕 الدرس الثامن والعشرون : #التعليق_على_شرح_كتاب_التوحيد للعلامة أحمد بن يحيى النجمي رحمه الله 🔹باب بيان شيء من أنواع السحر 🎧 للشيخ الفاضل: #حسن_بن_محمد_منصور_الدغريري حفظه الله 📋 الثلاثاء ١٣ شوال ١٤٤٢هـ 📲 رابط التحميل والاستماع : 🔗 https://l.top4top.io/m_19718yjl81.m4a 📤 رابط القناة
96,AUD-20210609-WA0003.m4a,AUD-YYYYMMDD-WA,09/06/2021,YES,1582,09/06/2021,1442/10/27,,,,جديد الدروس,📌 #جديد_الدروس : 📕 الدرس التاسع والعشرون : #التعليق_على_شرح_كتاب_التوحيد للعلامة أحمد بن يحيى النجمي رحمه الله 🔹باب ماجاء في الكهان ونحوهم 🎧 للشيخ الفاضل: #حسن_بن_محمد_منصور_الدغريري حفظه الله 📋 الثلاثاء ٢٧ شوال ١٤٤٢هـ 📲 رابط التحميل والاستماع : 🔗 https://f.top4top.io/m_1986cwhlb1.m4a 📤 رابط القناة 
97,AUD-20210609-WA0004.m4a,AUD-YYYYMMDD-WA,09/06/2021,YES,1584,09/06/2021,1442/10/26,,,,جديد الدروس,📌 #جديد_الدروس : 🔖 الدرس الثاني 🔹التعليق على متن #الأصول_الثلاثة 🔹 📓 للإمام المجدد محمد بن عبد الوهاب رحمه الله 🎧 للشيخ الفاضل: #حسن_بن_محمد_منصور_الدغريري حفظه الله 📋 الاثنين ٢٦ شوال ١٤٤٢هـ 📲 رابط التحميل والاستماع : 🔗 https://l.top4top.io/m_1986siwn51.m4a 📤 رابط القناة على التلجرام👇 🖇 https://t.me
98,AUD-20210619-WA0002.m4a,AUD-YYYYMMDD-WA,19/06/2021,YES,1596,20/06/2021,1442/11/05,,,,جديد الدروس,📌 #جديد_الدروس : 📕 الدرس الثلاثون : #التعليق_على_شرح_كتاب_التوحيد للعلامة أحمد بن يحيى النجمي رحمه الله 🔹باب ماجاء في النُّشرَة 🎧 للشيخ الفاضل: #حسن_بن_محمد_منصور_الدغريري حفظه الله 📋 الثلاثاء ٥ ذي القعدة ١٤٤٢هـ 📲 رابط التحميل والاستماع : 🔗 https://g.top4top.io/m_1996ktczm1.m4a 📤 رابط القناة على الت
99,AUD-20210620-WA0000.m4a,AUD-YYYYMMDD-WA,20/06/2021,YES,1598,20/06/2021,1442/11/04,,,,جديد الدروس,📌 #جديد_الدروس : 🔖 الدرس الثالث 🔹التعليق على متن #الأصول_الثلاثة 🔹 📓 للإمام المجدد محمد بن عبد الوهاب رحمه الله 🎧 للشيخ الفاضل: #حسن_بن_محمد_منصور_الدغريري حفظه الله 📋 الاثنين ٤ ذي القعدة ١٤٤٢هـ 📲 رابط التحميل والاستماع : 🔗 https://d.top4top.io/m_1997ho4ql1.m4a 📤 رابط القناة على التلجرام👇 🖇 https://
100,AUD-20210621-WA0003.m4a,AUD-YYYYMMDD-WA,21/06/2021,YES,1606,22/06/2021,1442/11/11,,,,جديد الدروس,📌 #جديد_الدروس : 🔖 الدرس الرابع والأخير 🔹التعليق على متن #الأصول_الثلاثة 🔹 📓 للإمام المجدد محمد بن عبد الوهاب رحمه الله 🎧 للشيخ الفاضل: #حسن_بن_محمد_منصور_الدغريري حفظه الله 📋 الاثنين ١١ ذي القعدة ١٤٤٢هـ 📲 رابط التحميل والاستماع : 🔗 https://j.top4top.io/m_1998puduc1.m4a 📤 رابط القناة على التلجرام👇 🖇
101,AUD-20210624-WA0002.m4a,AUD-YYYYMMDD-WA,24/06/2021,YES,1621,24/06/2021,1442/11/12,,,,جديد الدروس,📌 #جديد_الدروس : 📕 الدرس الحادي والثلاثون : #التعليق_على_شرح_كتاب_التوحيد للعلامة أحمد بن يحيى النجمي رحمه الله 🔹باب ماجاء في التطيُّر 🎧 للشيخ الفاضل: #حسن_بن_محمد_منصور_الدغريري حفظه الله 📋 الثلاثاء ١٢ ذي القعدة ١٤٤٢هـ 📲 رابط التحميل والاستماع : 🔗 https://g.top4top.io/m_1996ktczm1.m4a 📤 رابط القناة
102,AUD-20210705-WA0002.m4a,AUD-YYYYMMDD-WA,05/07/2021,YES,1656,05/07/2021,1442/11/19,,,,جديد الدروس,📌 #جديد_الدروس : 📕 الدرس الثاني والثلاثون : #التعليق_على_شرح_كتاب_التوحيد للعلامة أحمد بن يحيى النجمي رحمه الله 🔹باب ماجاء في التنجيم 🎧 للشيخ الفاضل: #حسن_بن_محمد_منصور_الدغريري حفظه الله 📋 الثلاثاء ١٩ ذي القعدة ١٤٤٢هـ 📲 رابط التحميل والاستماع : 🔗 https://i.top4top.io/m_2012uz4db1.m4a 📤 رابط القناة 
103,AUD-20210705-WA0003.m4a,AUD-YYYYMMDD-WA,05/07/2021,YES,1658,05/07/2021,1442/11/18,,,,جديد الدروس,📌 #جديد_الدروس : 🔖 مجلس واحد 🔹التعليق على متن #الأصول_الستة 🔹 📓 للإمام المجدد محمد بن عبد الوهاب رحمه الله 🎧 للشيخ الفاضل: #حسن_بن_محمد_منصور_الدغريري حفظه الله 📋 الاثنين ١٨ ذي القعدة ١٤٤٢هـ 📲 رابط التحميل والاستماع : 🔗 https://b.top4top.io/m_2012d296i1.m4a 📤 رابط القناة على التلجرام👇 🖇 https://t.me
104,AUD-20210706-WA0000.m4a,AUD-YYYYMMDD-WA,06/07/2021,YES,1660,06/07/2021,1442/11/25,,,,جديد الدروس,📌 #جديد_الدروس : 🔖 مجلس واحد 🔹التعليق على متن #القواعد_الأربع 🔹 📓 للإمام المجدد محمد بن عبد الوهاب رحمه الله 🎧 للشيخ الفاضل: #حسن_بن_محمد_منصور_الدغريري حفظه الله 📋 الاثنين ٢٥ ذي القعدة ١٤٤٢هـ 📲 رابط التحميل والاستماع : 🔗 https://b.top4top.io/m_2013c0ktm1.m4a 📤 رابط القناة على التلجرام👇 🖇 https://t.
105,AUD-20210707-WA0000.m4a,AUD-YYYYMMDD-WA,07/07/2021,YES,1663,07/07/2021,1442/11/26,,,,جديد الدروس,📌 #جديد_الدروس : 📕 الدرس الثالث والثلاثون : #التعليق_على_شرح_كتاب_التوحيد للعلامة أحمد بن يحيى النجمي رحمه الله 🔹باب ماجاء في الاستسقاء بالأنواء 🎧 للشيخ الفاضل: #حسن_بن_محمد_منصور_الدغريري حفظه الله 📋 الثلاثاء ٢٦ ذي القعدة ١٤٤٢هـ 📲 رابط التحميل والاستماع : 🔗 https://f.top4top.io/m_2014ebl2u1.m4a 📤 ر
106,AUD-20210901-WA0003.m4a,AUD-YYYYMMDD-WA,01/09/2021,YES,1724,01/09/2021,,,,,جديد الدروس,📌 #جديد_الدروس : 📕 الدرس الرابع والثلاثون : #التعليق_على_شرح_كتاب_التوحيد للعلامة أحمد بن يحيى النجمي رحمه الله 🔹باب قول الله نعالى {وَمِنَ النَّاسِ مَن يَتَّخِذُ مِن دُونِ اللَّهِ أَندَادًا يُحِبُّونَهُمْ كَحُبِّ اللَّهِ ۖ وَالَّذِينَ آمَنُوا أَشَدُّ حُبًّا لِّلَّهِ ۗ وَلَوْ يَرَى الَّذِينَ ظَلَمُو
107,AUD-20210911-WA0041.m4a,AUD-YYYYMMDD-WA,11/09/2021,YES,1734,12/09/2021,,,,,جديد التعليقات,📌 #جديد_التعليقات : 📜 #التعليق_على_نواقض_الإسلام ●| في مجلس واحد 🎧 للشيخ الفاضل: #حسن_بن_محمد_منصور_الدغريري - حفظه الله ورعاه - 🔗 للتحميل: 🔗 https://k.top4top.io/m_2081subhm1.m4a 📆 الاثنين ٢٩ من شهر الله المحرم ١٤٤٣هـ 📤 رابط القناة على التلجرام👇 🖇 https://t.me/daririhasan/1734 📥 رابط القناة على الو
108,AUD-20210911-WA0042.m4a,AUD-YYYYMMDD-WA,11/09/2021,YES,1736,13/09/2021,,,,,جديد الدروس,📌 #جديد_الدروس : 📕 الدرس الخامس والثلاثون : #التعليق_على_شرح_كتاب_التوحيد للعلامة أحمد بن يحيى النجمي رحمه الله 🔹باب قول الله نعالى {إِنَّمَا ذَٰلِكُمُ الشَّيْطَانُ يُخَوِّفُ أَوْلِيَاءَهُ فَلَا تَخَافُوهُمْ وَخَافُونِ إِن كُنتُم مُّؤْمِنِينَ} 🎧 للشيخ الفاضل: #حسن_بن_محمد_منصور_الدغريري حفظه الله 📋 
109,AUD-20211024-WA0017.m4a,AUD-YYYYMMDD-WA,24/10/2021,YES,1799,24/10/2021,1443/03/11,30:31,,,التعليقات المختصرة,🔸[ #التعليقات_المختصرة ] 🔸 ◈ الدرس الخامس : [◈التعليقات المختصرة على أبواب كتاب التوحيد ٢٥/٢١ ] 🔸 لفضيلة الشيخ : حسن بن محمد منصور الدغريري حفظه الله 🔸 ☑ ❲١٤٤٣/٣/١١هـ❳ 🎙للإستماع إلى الصوتية : https://g.top4top.io/m_2123vcrms1.m4a 00:00 ـ──━━━━◉ 30:31 ا⇄ا ▷▷ I I ◁◁ ↻ رابط القناة على التلجرام⇙ ╭─═┅┅┅┅
110,AUD-20211025-WA0005.m4a,AUD-YYYYMMDD-WA,25/10/2021,YES,1803,26/10/2021,1443/03/18,30:28,,,التعليقات المختصرة,🔸[ #التعليقات_المختصرة ] 🔸 ◈ الدرس السادس : [◈التعليقات المختصرة على أبواب كتاب التوحيد ٣٠/٢٦ ] 🔸 لفضيلة الشيخ : حسن بن محمد منصور الدغريري حفظه الله 🔸 ☑ ❲١٤٤٣/٣/١٨هـ❳ 🎙للإستماع إلى الصوتية : https://c.top4top.io/m_2124ijt0j1.m4a 00:00 ـ──━━━━◉ 30:28 ا⇄ا ▷▷ I I ◁◁ ↻ رابط القناة على التلجرام⇙ ╭─═┅┅┅┅
111,AUD-20211027-WA0022.m4a,AUD-YYYYMMDD-WA,27/10/2021,YES,1808,27/10/2021,1443/03/19,,,,جديد الدروس,📌 #جديد_الدروس : 📕 الدرس الأربعون - ٤٠ - : #التعليق_على_شرح_كتاب_التوحيد للعلامة أحمد بن يحيى النجمي رحمه الله 🔹باب من الشرك إرادة الانسان بعمله الدنيا 🎧 للشيخ الفاضل: #حسن_بن_محمد_منصور_الدغريري حفظه الله 📋 الثلاثاء ١٩ ربيع الأول ١٤٤٣هـ 📲 رابط التحميل والاستماع : 🔗 https://l.top4top.io/m_2126i17jl1
112,AUD-20211101-WA0020.m4a,AUD-YYYYMMDD-WA,01/11/2021,YES,1821,02/11/2021,1443/03/26,14:55,,,التعليقات المختصرة,🔸[ #التعليقات_المختصرة ] 🔸 ◈ الدرس السابع : [◈التعليقات المختصرة على أبواب كتاب التوحيد ٣٤/٣١ ] 🔸 لفضيلة الشيخ : حسن بن محمد منصور الدغريري حفظه الله 🔸 ☑ ❲١٤٤٣/٣/٢٦هـ❳ 🎙للإستماع إلى الصوتية : https://e.top4top.io/m_21312gssp1.m4a 00:00 ـ──━━━━◉ 14:55 ا⇄ا ▷▷ I I ◁◁ ↻ رابط القناة على التلجرام⇙ ╭─═┅┅┅┅
113,AUD-20211102-WA0012.m4a,AUD-YYYYMMDD-WA,02/11/2021,YES,1823,02/11/2021,1443/03/27,,,,جديد الدروس,📌 #جديد_الدروس : 📕 الدرس الواحد والأربعون - ٤١ - : #التعليق_على_شرح_كتاب_التوحيد للعلامة أحمد بن يحيى النجمي رحمه الله 🔹باب من أطاع العلماء والأمراء في تحريم ما أحل الله أو تحليل ما حرم الله فقد اتخذهم أربابا من دون الله 🎧 للشيخ الفاضل: #حسن_بن_محمد_منصور_الدغريري حفظه الله 📋 الثلاثاء ٢٧ ربيع الأول 
114,AUD-20211104-WA0005-[AudioTrimmer.com].m4a,AUD-YYYYMMDD-WA,04/11/2021,YES,1826,04/11/2021,1443/03/29,7:22,خطبة استسقاء,,,📌خطبة صلاة الاستسقاء 🌀 من فوائد الاستغفار 🌀 🎙للشيخ حسن بن محمد منصور الدغريري -غفر الله له ولوالديه وللمسلمين- ⏰ مدة المقطع 7:22 د 🗓 الخميس 29 ربيع الأول 1443هـ 🎧 رابط الصوتية: 🖇 https://l.top4top.io/m_21344qcug1.m4a ══ا ¤❁💎❁¤ ا══ 🔹 قناة الشيخ حسن الدغريري على الواتس https://chat.whatsapp.com/DUvpoP
115,AUD-20211110-WA0028.m4a,AUD-YYYYMMDD-WA,10/11/2021,YES,1835,10/11/2021,1443/04/04,31:52,,,التعليقات المختصرة,🔸[ #التعليقات_المختصرة ] 🔸 ◈ الدرس الثامن : [◈التعليقات المختصرة على أبواب كتاب التوحيد ٣٨/٣٥ ] 🔸 لفضيلة الشيخ : حسن بن محمد منصور الدغريري حفظه الله 🔸 ☑ ❲١٤٤٣/٤/٤هـ❳ 🎙للإستماع إلى الصوتية : https://c.top4top.io/m_21455jlb11.m4a 00:00 ـ──━━━━◉ 31:52 ا⇄ا ▷▷ I I ◁◁ ↻ رابط القناة على التلجرام⇙ ╭─═┅┅┅┅┅
116,AUD-20211115-WA0016.m4a,AUD-YYYYMMDD-WA,15/11/2021,YES,1847,15/11/2021,1443/04/09,18:54,,,التعليقات المختصرة,🔸[ #التعليقات_المختصرة ] 🔸 ◈ الدرس التاسع : [◈التعليقات المختصرة على أبواب كتاب التوحيد ٤٠/٣٩ ] 🔸 لفضيلة الشيخ : حسن بن محمد منصور الدغريري حفظه الله 🔸 ☑ ❲١٤٤٣/٤/٩هـ❳ 🎙للإستماع إلى الصوتية : https://d.top4top.io/m_21451vppu1.m4a 00:00 ـ──━━━━◉ 18:54 ا⇄ا ▷▷ I I ◁◁ ↻ رابط القناة على التلجرام⇙ ╭─═┅┅┅┅┅
117,AUD-20211118-WA0007.m4a,AUD-YYYYMMDD-WA,18/11/2021,YES,1852,19/11/2021,1443/04/10,,,,جديد الدروس,📌 #جديد_الدروس : 📕 الدرس الثاني والأربعون - ٤٢ - : #التعليق_على_شرح_كتاب_التوحيد للعلامة أحمد بن يحيى النجمي رحمه الله 🔹باب قول الله تعالى : ( ألم تر إلى الذين يزعمون أنهم آمنوا بما أنزل إليك ...) . 🎧 للشيخ الفاضل: #حسن_بن_محمد_منصور_الدغريري حفظه الله 📋 الثلاثاء ١٠ ربيع الثاني ١٤٤٣هـ 📲 رابط التحميل
118,AUD-20211122-WA0009.m4a,AUD-YYYYMMDD-WA,22/11/2021,YES,1860,22/11/2021,1443/04/17,25:43,,,التعليقات المختصرة,🔸[ #التعليقات_المختصرة ] 🔸 ◈ الدرس العاشر : [◈التعليقات المختصرة على أبواب كتاب التوحيد ٤٥/٤١ ] 🔸 لفضيلة الشيخ : حسن بن محمد منصور الدغريري حفظه الله 🔸 ☑ ❲١٤٤٣/٤/١٧هـ❳ 🎙للإستماع إلى الصوتية : https://f.top4top.io/m_2152dxlbf1.m4a 00:00 ـ──━━━━◉ 25:43 ا⇄ا ▷▷ I I ◁◁ ↻ رابط القناة على التلجرام⇙ ╭─═┅┅┅┅
119,AUD-20211124-WA0005.m4a,AUD-YYYYMMDD-WA,24/11/2021,YES,1866,24/11/2021,1443/04/18,,,,جديد الدروس,📌 #جديد_الدروس : 📕 الدرس الثالث والأربعون - ٤٣ - : #التعليق_على_شرح_كتاب_التوحيد للعلامة أحمد بن يحيى النجمي رحمه الله 🔹باب من جحد شيئا من الأسماء والصفات 🎧 للشيخ الفاضل: #حسن_بن_محمد_منصور_الدغريري حفظه الله 📋 الثلاثاء ١٨ ربيع الثاني ١٤٤٣هـ 📲 رابط التحميل والاستماع : 🔗 https://c.top4top.io/m_2154ra
120,AUD-20211207-WA0010.m4a,AUD-YYYYMMDD-WA,07/12/2021,YES,1883,08/12/2021,1443/05/03,,,,جديد الدروس,📌 #جديد_الدروس : 📕 الدرس الرابع والأربعون - ٤٤ - : #التعليق_على_شرح_كتاب_التوحيد للعلامة أحمد بن يحيى النجمي رحمه الله 🔹باب قول الله تعالى: {يعرفون نعمة الله ثم ينكرونها} 🔹باب قول الله تعالى: {فلا تجعلوا لله أندادا وأنتم تعلمون} 🎧 للشيخ الفاضل: #حسن_بن_محمد_منصور_الدغريري حفظه الله 📋 الثلاثاء ٣ جماد
121,AUD-20211213-WA0009.m4a,AUD-YYYYMMDD-WA,13/12/2021,YES,1905,14/12/2021,1443/05/09,30:12,,,التعليقات المختصرة,🔸[ #التعليقات_المختصرة ] 🔸 ◈ الدرس الحادي عشر : [◈التعليقات المختصرة على أبواب كتاب التوحيد ٤٨/٤٦ ] 🔸 لفضيلة الشيخ : حسن بن محمد منصور الدغريري حفظه الله 🔸 بتاريخ ❲١٤٤٣/٥/٩❳ 🎙للإستماع إلى الصوتية : https://l.top4top.io/m_2173jbvok1.m4a 00:00 ـ──━━━━◉ 30:12 ا⇄ا ▷▷ I I ◁◁ ↻ رابط القناة على التلجرام⇙ ╭
122,AUD-20211215-WA0000.m4a,AUD-YYYYMMDD-WA,15/12/2021,YES,1907,15/12/2021,1443/05/10,,,,جديد الدروس,📌 #جديد_الدروس : 📕 الدرس الخامس والأربعون - ٤٥ - : #التعليق_على_شرح_كتاب_التوحيد للعلامة أحمد بن يحيى النجمي رحمه الله 🔹باب ماجاء فيمن لم يقنع بالحلف بالله 🔹باب قول ماشاء الله وشئت 🔹باب من سب الدهر فقد آذى الله 🎧 للشيخ الفاضل: #حسن_بن_محمد_منصور_الدغريري حفظه الله 📋 الثلاثاء ١٠ جمادى الأولى ١٤٤٣هـ 📲
123,AUD-20211229-WA0000.m4a,AUD-YYYYMMDD-WA,29/12/2021,YES,1928,29/12/2021,1443/05/24,,,,جديد الدروس,📌 #جديد_الدروس : 📕 الدرس السادس والأربعون - ٤٦ - : #التعليق_على_شرح_كتاب_التوحيد للعلامة أحمد بن يحيى النجمي رحمه الله 🔹باب التسمي بقاضي القضاة 🔹باب احترام أسماء الله تعالى 🔹باب من هزل بشيء فيه ذكر الله أو القرآن أو الرسول 🎧 للشيخ الفاضل: #حسن_بن_محمد_منصور_الدغريري حفظه الله 📋 الثلاثاء ٢٤ جمادى الأ
124,AUD-20220106-WA0001.m4a,AUD-YYYYMMDD-WA,06/01/2022,YES,1942,06/01/2022,1443/06/01,,,,جديد الدروس,📌 #جديد_الدروس : 📕 الدرس السابع والأربعون - ٤٧ - : #التعليق_على_شرح_كتاب_التوحيد للعلامة أحمد بن يحيى النجمي رحمه الله 🔹 باب ما جاء في قول الله تعالى : ﴿ ولئن أذقناه رحمة منا من بعد ضراء مسته ... ﴾ 🔹باب ما جاء في قول الله تعالى : ﴿ فلما آتاهما صالحا جعلا له شركاء فيما آتاهما ... ﴾ 🔹باب في قول الله ت
125,AUD-20220112-WA0000.m4a,AUD-YYYYMMDD-WA,12/01/2022,YES,1953,12/01/2022,1443/06/08,,,,جديد الدروس,📌 #جديد_الدروس : 📕 الدرس الثامن والأربعون - ٤٨ - : #التعليق_على_شرح_كتاب_التوحيد للعلامة أحمد بن يحيى النجمي رحمه الله 🔹 باب لا يقال السلام على الله 🔹 باب قول اللهم اغفر لي إن شئت 🎧 للشيخ الفاضل: #حسن_بن_محمد_منصور_الدغريري حفظه الله 📋 الثلاثاء ٨ جمادى الآخرة ١٤٤٣هـ 📲 رابط التحميل والاستماع : 🔗 http
126,AUD-20220118-WA0006.m4a,AUD-YYYYMMDD-WA,18/01/2022,YES,1961,18/01/2022,1443/06/14,17:57,,,التعليقات المختصرة,🔸[ #التعليقات_المختصرة ] 🔸 ◈ الدرس الثاني عشر : [◈التعليقات المختصرة على أبواب كتاب التوحيد ٥٥/٤٩ ] 🔸 لفضيلة الشيخ : حسن بن محمد منصور الدغريري حفظه الله 🔸 بتاريخ ❲١٤٤٣/٦/١٤هـ❳ 🎙للإستماع إلى الصوتية : https://a.top4top.io/m_2209mvvg61.m4a 00:00 ـ──━━━━◉ 17:57 ا⇄ا ▷▷ I I ◁◁ ↻ رابط القناة على التلجرام
127,AUD-20220119-WA0003.m4a,AUD-YYYYMMDD-WA,19/01/2022,YES,1963,20/01/2022,1443/06/15,,,,جديد الدروس,📌 #جديد_الدروس : 📕 الدرس التاسع والأربعون - ٤٩ - : #التعليق_على_شرح_كتاب_التوحيد للعلامة أحمد بن يحيى النجمي رحمه الله 🔹 باب لا يقول عبدي وأمتي 🔹 باب لا يرد من سأل بالله 🔹باب لا يسأل بوجه الله إلا الجنة 🎧 للشيخ الفاضل: #حسن_بن_محمد_منصور_الدغريري حفظه الله 📋 الثلاثاء ١٥ جمادى الآخرة ١٤٤٣هـ 📲 رابط ال
128,AUD-20220125-WA0000.m4a,AUD-YYYYMMDD-WA,25/01/2022,YES,1973,27/01/2022,1443/06/21,30:38,,,التعليقات المختصرة,🔸[ #التعليقات_المختصرة ] 🔸 ◈ الدرس الثالث عشر : [◈التعليقات المختصرة على أبواب كتاب التوحيد ٥٦ - ٥٧ - ٥٨ - ٥٩ ] 🔸 لفضيلة الشيخ : حسن بن محمد منصور الدغريري حفظه الله 🔸 بتاريخ ❲١٤٤٣/٦/٢١هـ❳ 🎙للإستماع إلى الصوتية : https://a.top4top.io/m_221802p511.m4a 00:00 ـ──━━━━◉ 30:38 ا⇄ا ▷▷ I I ◁◁ ↻ رابط القناة 
129,AUD-20220126-WA0000.m4a,AUD-YYYYMMDD-WA,26/01/2022,YES,1975,27/01/2022,1443/06/22,,,,جديد الدروس,📌 #جديد_الدروس : 📕 الدرس الخمسون - ٥٠ - : #التعليق_على_شرح_كتاب_التوحيد للعلامة أحمد بن يحيى النجمي رحمه الله 🔹 باب ما جاء في «لو» 🔹 باب النهي عن سبِّ الريح 🔹باب قول الله تعالى ﴿يظنون بالله غير الحق ظن الجاهلية يقولون هل لنا من الأمر من شيء قل إن الأمر كله لله...﴾ الآية 🔹باب ما جاء في منكري القدر 🎧 
130,AUD-20220201-WA0001.m4a,AUD-YYYYMMDD-WA,01/02/2022,YES,1983,01/02/2022,1443/06/28,25:20,,,التعليقات المختصرة,🔸[ #التعليقات_المختصرة ] 🔸 ◈ الدرس الرابع عشر : [◈التعليقات المختصرة على أبواب كتاب التوحيد ] 🔸 لفضيلة الشيخ : حسن بن محمد منصور الدغريري حفظه الله 🔸 بتاريخ ❲١٤٤٣/٦/٢٨هـ❳ 🎙للإستماع إلى الصوتية : https://e.top4top.io/m_222342otg1.m4a 00:00 ـ──━━━━◉ 25:20 ا⇄ا ▷▷ I I ◁◁ ↻ رابط القناة على التلجرام⇙ ╭─═┅
131,AUD-20220201-WA0004.m4a,AUD-YYYYMMDD-WA,01/02/2022,YES,1985,01/02/2022,1443/06/29,,,,جديد الدروس,📌 #جديد_الدروس : 📕 الدرس الواحد والخمسون - ٥١ - : #التعليق_على_شرح_كتاب_التوحيد للعلامة أحمد بن يحيى النجمي رحمه الله 🔹 باب ما جاء في المصورين 🔹 باب ما جاء في كثرة الحلف 🎧 للشيخ الفاضل: #حسن_بن_محمد_منصور_الدغريري حفظه الله 📋 الثلاثاء ٢٩ جمادى الآخرة ١٤٤٣هـ 📲 رابط التحميل والاستماع : 🔗 https://c.top
132,AUD-20220215-WA0007.m4a,AUD-YYYYMMDD-WA,15/02/2022,YES,2019,16/02/2022,1443/07/15,,,,جديد الدروس,📌 #جديد_الدروس : 📕 الدرس الأول : #التعليقات_الأثرية_على_العقيدة_الواسطية للعلامة أحمد بن يحيى النجمي رحمه الله 🎤 القراءة والتعليق للشيخ الفاضل: #حسن_بن_محمد_منصور_الدغريري حفظه الله 📋 الثلاثاء ١٥ رجب ١٤٤٣هـ 📲 رابط التحميل والاستماع : 🔗 https://a.top4top.io/m_223841c9t1.m4a 🖥 رابط المشاهدة : 🔗 https:
133,AUD-20220219-WA0002.m4a,AUD-YYYYMMDD-WA,19/02/2022,YES,2033,19/02/2022,,19:53,عمدة الأحكام,,#التعليق_على_كتاب,🔸[ #التعليق_على_كتاب ] 🔸 [◈ #تأسيس_الأحكام على ما صح من خير الأنام بشرح عمدة الأحكام] ◈ تأليف فضيلة الشيخ العلامة أحمد بن يحيى النجمي الدرس الثاني تعليق الشيخ حسن بن محمد منصور الدغريري حفظه الله 🎙للإستماع إلى الصوتية : https://g.top4top.io/m_2241i0kyl1.m4a 00:00 ـ──━━━━◉ 19:53 ا⇄ا ▷▷ I I ◁◁ ↻ رابط 
134,AUD-20220221-WA0001.m4a,AUD-YYYYMMDD-WA,21/02/2022,YES,2037,21/02/2022,,16:09,عمدة الأحكام,,#التعليق_على_كتاب,🔸[ #التعليق_على_كتاب ] 🔸 [◈ #تأسيس_الأحكام على ما صح من خير الأنام بشرح عمدة الأحكام] ◈ تأليف فضيلة الشيخ العلامة أحمد بن يحيى النجمي الدرس الرابع تعليق الشيخ حسن بن محمد منصور الدغريري حفظه الله 🎙للإستماع إلى الصوتية : https://f.top4top.io/m_2243jet3v1.m4a 00:00 ـ──━━━━◉ 16:09 ا⇄ا ▷▷ I I ◁◁ ↻ رابط 
135,AUD-20220224-WA0008.m4a,AUD-YYYYMMDD-WA,24/02/2022,YES,2042,24/02/2022,,5:41,عمدة الأحكام,,#التعليق_على_كتاب,🔸[ #التعليق_على_كتاب ] 🔸 [◈ #تأسيس_الأحكام على ما صح من خير الأنام بشرح عمدة الأحكام] ◈ تأليف فضيلة الشيخ العلامة أحمد بن يحيى النجمي الدرس التاسع تعليق الشيخ حسن بن محمد منصور الدغريري حفظه الله 🎙للإستماع إلى الصوتية : https://e.top4top.io/m_2246mrvun1.m4a 00:00 ـ──━━━━◉ 5:41 ا⇄ا ▷▷ I I ◁◁ ↻ رابط ا
136,AUD-20220226-WA0005.m4a,AUD-YYYYMMDD-WA,26/02/2022,YES,2046,26/02/2022,,19:28,عمدة الأحكام,,#التعليق_على_كتاب,🔸[ #التعليق_على_كتاب ] 🔸 [◈ #تأسيس_الأحكام على ما صح من خير الأنام بشرح عمدة الأحكام] ◈ تأليف فضيلة الشيخ العلامة أحمد بن يحيى النجمي الدرس الثاني عشر تعليق الشيخ حسن بن محمد منصور الدغريري حفظه الله 🎙للإستماع إلى الصوتية : https://g.top4top.io/m_2248tz65w1.m4a 00:00 ـ──━━━━◉ 19:28 ا⇄ا ▷▷ I I ◁◁ ↻ ر
137,AUD-20220302-WA0000.m4a,AUD-YYYYMMDD-WA,02/03/2022,YES,2050,02/03/2022,1443/07/28,,,,جديد الدروس,📌 #جديد_الدروس : 📕 الدرس الثاني : #التعليقات_الأثرية_على_العقيدة_الواسطية للعلامة أحمد بن يحيى النجمي رحمه الله 🎤 القراءة والتعليق للشيخ الفاضل: #حسن_بن_محمد_منصور_الدغريري حفظه الله 📋 الثلاثاء ٢٨ رجب ١٤٤٣هـ 📲 رابط التحميل والاستماع : 🔗 https://k.top4top.io/m_2252xq6u21.m4a 🖥 رابط المشاهدة : 🔗 https
138,AUD-20220310-WA0003.m4a,AUD-YYYYMMDD-WA,10/03/2022,YES,2060,10/03/2022,,7:35,عمدة الأحكام,,#التعليق_على_كتاب,🔸[ #التعليق_على_كتاب ] 🔸 [◈ #تأسيس_الأحكام على ما صح من خير الأنام بشرح عمدة الأحكام] ◈ تأليف فضيلة الشيخ العلامة أحمد بن يحيى النجمي الدرس العشرون تعليق الشيخ حسن بن محمد منصور الدغريري حفظه الله 🎙للإستماع إلى الصوتية : https://i.top4top.io/m_2260reelc1.m4a 00:00 ـ──━━━━◉ 7:35 ا⇄ا ▷▷ I I ◁◁ ↻ رابط 
139,AUD-20220310-WA0004.m4a,AUD-YYYYMMDD-WA,10/03/2022,YES,2062,10/03/2022,,10:57,عمدة الأحكام,,#التعليق_على_كتاب,🔸[ #التعليق_على_كتاب ] 🔸 [◈ #تأسيس_الأحكام على ما صح من خير الأنام بشرح عمدة الأحكام] ◈ تأليف فضيلة الشيخ العلامة أحمد بن يحيى النجمي الدرس الواحد والعشرون تعليق الشيخ حسن بن محمد منصور الدغريري حفظه الله 🎙للإستماع إلى الصوتية : https://i.top4top.io/m_2260h5aax1.m4a 00:00 ـ──━━━━◉ 10:57 ا⇄ا ▷▷ I I ◁
140,AUD-20220310-WA0005.m4a,AUD-YYYYMMDD-WA,10/03/2022,YES,2064,10/03/2022,,13:34,عمدة الأحكام,,#التعليق_على_كتاب,🔸[ #التعليق_على_كتاب ] 🔸 [◈ #تأسيس_الأحكام على ما صح من خير الأنام بشرح عمدة الأحكام] ◈ تأليف فضيلة الشيخ العلامة أحمد بن يحيى النجمي الدرس الثاني والعشرون تعليق الشيخ حسن بن محمد منصور الدغريري حفظه الله 🎙للإستماع إلى الصوتية : https://g.top4top.io/m_2260tdvtw1.m4a 00:00 ـ──━━━━◉ 13:34 ا⇄ا ▷▷ I I ◁
141,AUD-20220310-WA0006.m4a,AUD-YYYYMMDD-WA,10/03/2022,YES,2067,10/03/2022,,11:54,عمدة الأحكام,,#التعليق_على_كتاب,🔸[ #التعليق_على_كتاب ] 🔸 [◈ #تأسيس_الأحكام على ما صح من خير الأنام بشرح عمدة الأحكام] ◈ تأليف فضيلة الشيخ العلامة أحمد بن يحيى النجمي الدرس الثامن والعشرون تعليق الشيخ حسن بن محمد منصور الدغريري حفظه الله 🎙للإستماع إلى الصوتية : https://d.top4top.io/m_22603skpm1.m4a 00:00 ـ──━━━━◉ 11:54 ا⇄ا ▷▷ I I ◁
142,AUD-20220312-WA0010.m4a,AUD-YYYYMMDD-WA,12/03/2022,YES,2076,13/03/2022,,11:40,عمدة الأحكام,,#التعليق_على_كتاب,🔸[ #التعليق_على_كتاب ] 🔸 [◈ #تأسيس_الأحكام على ما صح من خير الأنام بشرح عمدة الأحكام] ◈ تأليف فضيلة الشيخ العلامة أحمد بن يحيى النجمي الدرس الواحد والثلاثون (الدرس الأول من كتاب الصلاة) تعليق الشيخ حسن بن محمد منصور الدغريري حفظه الله 🎙للإستماع إلى الصوتية : https://d.top4top.io/m_22624fkan1.m4a 00:
143,AUD-20220315-WA0014.m4a,AUD-YYYYMMDD-WA,15/03/2022,YES,2079,16/03/2022,1443/08/12,,,,جديد الدروس,📌 #جديد_الدروس : 📕 الدرس الثالث : #التعليقات_الأثرية_على_العقيدة_الواسطية للعلامة أحمد بن يحيى النجمي رحمه الله 🎤 القراءة والتعليق للشيخ الفاضل: #حسن_بن_محمد_منصور_الدغريري حفظه الله 📋 الثلاثاء ١٢ شعبان ١٤٤٣هـ 📲 رابط التحميل والاستماع : 🔗 https://d.top4top.io/m_22655cxr71.m4a 🖥 رابط المشاهدة : 🔗 htt
144,AUD-20220322-WA0026.m4a,AUD-YYYYMMDD-WA,22/03/2022,YES,2092,23/03/2022,1443/08/19,,,,جديد الدروس,📌 #جديد_الدروس : 📕 الدرس الرابع : #التعليقات_الأثرية_على_العقيدة_الواسطية للعلامة أحمد بن يحيى النجمي رحمه الله 🎤 القراءة والتعليق للشيخ الفاضل: #حسن_بن_محمد_منصور_الدغريري حفظه الله 📋 الثلاثاء ١٩ شعبان ١٤٤٣هـ 📲 رابط التحميل والاستماع : 🔗 https://i.top4top.io/m_2274e6wms1.m4a 🖥 رابط المشاهدة : 🔗 📤 ر
145,AUD-20220330-WA0000.m4a,AUD-YYYYMMDD-WA,30/03/2022,YES,2110,04/04/2022,1443/08/26,,,,جديد الدروس,📌 #جديد_الدروس : 📕 الدرس الخامس : #التعليقات_الأثرية_على_العقيدة_الواسطية للعلامة أحمد بن يحيى النجمي رحمه الله 🎤 القراءة والتعليق للشيخ الفاضل: #حسن_بن_محمد_منصور_الدغريري حفظه الله 📋 الثلاثاء ٢٦ شعبان ١٤٤٣هـ 📲 رابط التحميل والاستماع : 🔗 https://l.top4top.io/m_2284nfvvq1.m4a 🖥 رابط المشاهدة : 🔗 📤 ر
146,AUD-20220502-WA0030-[AudioTrimmer.com].m4a,AUD-YYYYMMDD-WA,02/05/2022,YES,2175,03/05/2022,1443/10/01,13:08,خطبة عيد,,#جديد_الخطب,🔸[ #جديد_الخطب ]🔸 ❒ [خطبة عيد الفطر لعام ١٤٤٣هـ] ❒ 🔸 لفضيلة الشيخ : حسن بن محمد منصور الدغريري حفظه الله 🔸 ☑ ❲١ شوال ١٤٤٣هـ❳ 🎙للإستماع إلى الصوتية : https://h.top4top.io/m_2313646tt1.m4a 00:00 ـ──━━━━◉ 13:08 ا⇄ا ▷▷ I I ◁◁ ↻ رابط القناة على التلجرام⇙ ╭─═┅┅┅┅┅┅┅═─╮ https://t.me/daririhasan/2175 ╰─═┅┅┅
147,AUD-20220511-WA0003.m4a,AUD-YYYYMMDD-WA,11/05/2022,YES,2184,11/05/2022,1443/10/09,,,,جديد الدروس,📌 #جديد_الدروس : 📕 الدرس السادس : #التعليقات_الأثرية_على_العقيدة_الواسطية للعلامة أحمد بن يحيى النجمي رحمه الله 🎤 القراءة والتعليق للشيخ الفاضل: #حسن_بن_محمد_منصور_الدغريري حفظه الله 📋 الثلاثاء ٩ شوال ١٤٤٣هـ 📲 رابط التحميل والاستماع : 🔗 https://e.top4top.io/m_2322pe8km1.m4a 🖥 رابط المشاهدة : 🔗 📤 راب
148,AUD-20220518-WA0003.m4a,AUD-YYYYMMDD-WA,18/05/2022,YES,2198,18/05/2022,1443/10/16,,,,جديد الدروس,📌 #جديد_الدروس : 📕 الدرس السابع : #التعليقات_الأثرية_على_العقيدة_الواسطية للعلامة أحمد بن يحيى النجمي رحمه الله 🎤 القراءة والتعليق للشيخ الفاضل: #حسن_بن_محمد_منصور_الدغريري حفظه الله 📋 الثلاثاء ١٦ شوال ١٤٤٣هـ 📲 رابط التحميل والاستماع : 🔗 https://d.top4top.io/m_2329pbq8d1.m4a 🖥 رابط المشاهدة : 🔗 📤 را
149,AUD-20220525-WA0000.m4a,AUD-YYYYMMDD-WA,25/05/2022,YES,2217,25/05/2022,1443/10/23,,,,جديد الدروس,📌 #جديد_الدروس : 📕 الدرس الثامن : #التعليقات_الأثرية_على_العقيدة_الواسطية للعلامة أحمد بن يحيى النجمي رحمه الله 🎤 القراءة والتعليق للشيخ الفاضل: #حسن_بن_محمد_منصور_الدغريري حفظه الله 📋 الثلاثاء ٢٣ شوال ١٤٤٣هـ 📲 رابط التحميل والاستماع : 🔗 https://k.top4top.io/m_2336a9w6z1.m4a 🖥 رابط المشاهدة : 🔗 📤 را
150,AUD-20220601-WA0002.m4a,AUD-YYYYMMDD-WA,01/06/2022,YES,2226,02/06/2022,,,,,جديد الدروس,📌 #جديد_الدروس : 📕 الدرس التاسع : #التعليقات_الأثرية_على_العقيدة_الواسطية للعلامة أحمد بن يحيى النجمي رحمه الله 🎤 القراءة والتعليق للشيخ الفاضل: #حسن_بن_محمد_منصور_الدغريري حفظه الله 📋 الثلاثاء ١ ذي القَعدة ١٤٤٣هـ 📲 رابط التحميل والاستماع : 🔗 https://h.top4top.io/m_2343r46nd1.m4a 🖥 رابط المشاهدة : 🔗
151,AUD-20220621-WA0000.m4a,AUD-YYYYMMDD-WA,21/06/2022,YES,2268,21/06/2022,,,,,جديد الدروس,📌 #جديد_الدروس : 📕 قراءة وتعليق على #كتاب_الحج من #الأفنان_الندية_شرح_السبل_السوية في فقه السنن المروية للعلامة زيد بن هادي المدخلي رحمه الله 🔹الدرس التاسع 🎧 للشيخ الفاضل: #حسن_بن_محمد_منصور_الدغريري حفظه الله 📲 رابط التحميل والاستماع : 🔗 https://i.top4top.io/m_2362yy00w1.m4a 📆 لعام ١٤٤٣هـ / تتمة لد
152,AUD-20220704-WA0005.m4a,AUD-YYYYMMDD-WA,04/07/2022,YES,2282,04/07/2022,,,,,جديد الدروس,📌 #جديد_الدروس : 📕 قراءة وتعليق على #كتاب_الحج من #الأفنان_الندية_شرح_السبل_السوية في فقه السنن المروية للعلامة زيد بن هادي المدخلي رحمه الله 🔹الدرس العاشر 🎧 للشيخ الفاضل: #حسن_بن_محمد_منصور_الدغريري حفظه الله 📲 رابط التحميل والاستماع : 🔗 https://e.top4top.io/m_23753vzum1.m4a 📆 لعام ١٤٤٣هـ / تتمة لد
153,AUD-20220721-WA0002.m4a,AUD-YYYYMMDD-WA,21/07/2022,YES,4748,14/10/2024,,,,,جديد الدروس,📌 #جديد_الدروس : 📕 قراءة وتعليق على #كتاب_الحج من #الأفنان_الندية_شرح_السبل_السوية في فقه السنن المروية للعلامة زيد بن هادي المدخلي رحمه الله 🔹الدرس الرابع عشر 🎧 للشيخ الفاضل: #حسن_بن_محمد_منصور_الدغريري حفظه الله 📲 رابط التحميل والاستماع : 🔗 https://h.top4top.io/m_2393sfzo60.m4a 📆 لعام ١٤٤٣هـ / تتم
154,AUD-20220725-WA0004.m4a,AUD-YYYYMMDD-WA,25/07/2022,YES,4750,14/10/2024,,,,,جديد الدروس,📌 #جديد_الدروس : 📕 قراءة وتعليق على #كتاب_الحج من #الأفنان_الندية_شرح_السبل_السوية في فقه السنن المروية للعلامة زيد بن هادي المدخلي رحمه الله 🔹الدرس السادس عشر 🎧 للشيخ الفاضل: #حسن_بن_محمد_منصور_الدغريري حفظه الله 📲 رابط التحميل والاستماع : 🔗 https://t.me/daririhasan/2306 📆 لعام ١٤٤٣هـ / تتمة لدروس 
155,AUD-20220726-WA0002.m4a,AUD-YYYYMMDD-WA,26/07/2022,YES,4752,14/10/2024,,,,,جديد الدروس,📌 #جديد_الدروس : 📕 قراءة وتعليق على #كتاب_الحج من #الأفنان_الندية_شرح_السبل_السوية في فقه السنن المروية للعلامة زيد بن هادي المدخلي رحمه الله 🔹الدرس الثامن عشر والأخير 🎧 للشيخ الفاضل: #حسن_بن_محمد_منصور_الدغريري حفظه الله 📲 رابط التحميل والاستماع : 🔗 https://t.me/daririhasan/2319 📆 لعام ١٤٤٣هـ / تتم
156,AUD-20220906-WA0004.m4a,AUD-YYYYMMDD-WA,06/09/2022,YES,2373,06/09/2022,,,,,جديد الدروس,📌 #جديد_الدروس : 📕 الدرس العاشر : #التعليقات_الأثرية_على_العقيدة_الواسطية للعلامة أحمد بن يحيى النجمي رحمه الله 🎤 القراءة والتعليق للشيخ الفاضل: #حسن_بن_محمد_منصور_الدغريري حفظه الله 📲 رابط التحميل والاستماع : 🔗 https://e.top4top.io/m_2440hvp1k1.m4a 🖥 رابط المشاهدة : 🔗 📤 رابط القناة على التلجرام👇 🖇 
157,AUD-20220906-WA0006.m4a,AUD-YYYYMMDD-WA,06/09/2022,YES,2375,06/09/2022,1444/02/10,,,,جديد الدروس,📌 #جديد_الدروس : 📕 الدرس الحادي عشر : #التعليقات_الأثرية_على_العقيدة_الواسطية للعلامة أحمد بن يحيى النجمي رحمه الله 🎤 القراءة والتعليق للشيخ الفاضل: #حسن_بن_محمد_منصور_الدغريري حفظه الله 📋 الثلاثاء ١٠ صفر ١٤٤٤هـ 📲 رابط التحميل والاستماع : 🔗 https://d.top4top.io/m_24409a7051.m4a 🖥 رابط المشاهدة : 🔗 📤
158,AUD-20220913-WA0008 (1).m4a,AUD-YYYYMMDD-WA,13/09/2022,YES,2394,14/09/2022,1444/02/17,,,,جديد الدروس,📌 #جديد_الدروس : 📕 الدرس الثاني عشر : #التعليقات_الأثرية_على_العقيدة_الواسطية للعلامة أحمد بن يحيى النجمي رحمه الله 🎤 القراءة والتعليق للشيخ الفاضل: #حسن_بن_محمد_منصور_الدغريري حفظه الله 📋 الثلاثاء ١٧ صفر ١٤٤٤هـ 📲 رابط التحميل والاستماع : 🔗 https://a.top4top.io/m_2447y5fca1.m4a 🖥 رابط المشاهدة : 🔗 📤
159,AUD-20220920-WA0007.m4a,AUD-YYYYMMDD-WA,20/09/2022,YES,2404,21/09/2022,1444/02/24,,,,جديد الدروس,📌 #جديد_الدروس : 📕 الدرس الثالث عشر : #التعليقات_الأثرية_على_العقيدة_الواسطية للعلامة أحمد بن يحيى النجمي رحمه الله 🎤 القراءة والتعليق للشيخ الفاضل: #حسن_بن_محمد_منصور_الدغريري حفظه الله 📋 الثلاثاء ٢٤ صفر ١٤٤٤هـ 📲 رابط التحميل والاستماع : 🔗 https://l.top4top.io/m_24543km3w1.m4a 🖥 رابط المشاهدة : 🔗 📤
160,AUD-20220927-WA0001.m4a,AUD-YYYYMMDD-WA,27/09/2022,YES,2412,27/09/2022,1444/03/01,,,,جديد الدروس,📌 #جديد_الدروس : 📕 الدرس الرابع عشر : #التعليقات_الأثرية_على_العقيدة_الواسطية للعلامة أحمد بن يحيى النجمي رحمه الله 🎤 القراءة والتعليق للشيخ الفاضل: #حسن_بن_محمد_منصور_الدغريري حفظه الله 📋 الثلاثاء ١ ربيع الأول ١٤٤٤هـ 📲 رابط التحميل والاستماع : 🔗 https://d.top4top.io/m_2461zf5mx1.m4a 🖥 رابط المشاهدة
161,AUD-20221018-WA0021.m4a,AUD-YYYYMMDD-WA,18/10/2022,YES,2472,18/10/2022,1444/03/22,,,,جديد الدروس,🔗 📌 #جديد_الدروس : 📕 الدرس السادس عشر : #التعليقات_الأثرية_على_العقيدة_الواسطية • الإيمان بالقدر للعلامة أحمد بن يحيى النجمي رحمه الله 🎤 القراءة والتعليق للشيخ الفاضل: #حسن_بن_محمد_منصور_الدغريري حفظه الله 📋 الثلاثاء ٢٢ ربيع الأول ١٤٤٤هـ 📲 رابط التحميل والاستماع : 🔗 https://g.top4top.io/m_2482quwn70
162,AUD-20221025-WA0011.m4a,AUD-YYYYMMDD-WA,25/10/2022,YES,2507,25/10/2022,1444/03/29,,,,جديد الدروس,🔗 📌 #جديد_الدروس : 📕 الدرس السابع عشر : #التعليقات_الأثرية_على_العقيدة_الواسطية للعلامة أحمد بن يحيى النجمي رحمه الله 🎤 القراءة والتعليق للشيخ الفاضل: #حسن_بن_محمد_منصور_الدغريري حفظه الله 📋 الثلاثاء ٢٩ ربيع الأول ١٤٤٤هـ 📲 رابط التحميل والاستماع : 🔗 https://i.top4top.io/m_2489cwa0z0.m4a 🔗 📤 رابط الق
163,AUD-20221109-WA0016.m4a,AUD-YYYYMMDD-WA,09/11/2022,YES,2569,10/11/2022,1444/04/07,,,,جديد الدروس,🔗 📌 #جديد_الدروس : 📕 الدرس الثامن عشر : #التعليقات_الأثرية_على_العقيدة_الواسطية للعلامة أحمد بن يحيى النجمي رحمه الله 🎤 القراءة والتعليق للشيخ الفاضل: #حسن_بن_محمد_منصور_الدغريري حفظه الله 📋 الثلاثاء ٧ ربيع الآخر ١٤٤٤هـ 📲 رابط التحميل والاستماع : 🔗 https://i.top4top.io/m_2504cyvfe1.m4a 🔗 📤 رابط القن
164,AUD-20221116-WA0000.m4a,AUD-YYYYMMDD-WA,16/11/2022,YES,2601,16/11/2022,1444/04/21,,,,جديد الدروس,🔗 📌 #جديد_الدروس : 📕 الدرس التاسع عشر والأخير : #التعليقات_الأثرية_على_العقيدة_الواسطية للعلامة أحمد بن يحيى النجمي رحمه الله 🎤 القراءة والتعليق للشيخ الفاضل: #حسن_بن_محمد_منصور_الدغريري حفظه الله 📋 الثلاثاء ٢١ ربيع الآخر ١٤٤٤هـ 📲 رابط التحميل والاستماع : 🔗 https://f.top4top.io/m_2511xmpt91.m4a 🔗 📤 
165,AUD-20221213-WA0010.m4a,AUD-YYYYMMDD-WA,13/12/2022,YES,2690,14/12/2022,,30:51,,,إتمام المنة,‏🔸 [ القراءة والتعليق على كتاب #إتمام_المنة شرح أصول السنة للإمام أحمد ] 🔸 تأليف العلامة أحمد بن يحيى النجمي رحمه الله 🔹 الدرس الأول لفضيلة الشيخ حسن بن محمد منصور الدغريري -حفظه الله ورعاه- ☑ الثلاثاء ١٩ / ٥ / ١٤٤٤هـ 🎙للإستماع إلى الصوتية : https://e.top4top.io/m_2538wb5g51.m4a 00:00 ـ──━━◉ 30:51 ا
166,AUD-20221214-WA0007 (1).m4a,AUD-YYYYMMDD-WA,14/12/2022,YES,2693,15/12/2022,,40:30,عمدة الأحكام,,#التعليق_على_كتاب,🔸[ #التعليق_على_كتاب ]🔸 [◈ #تأسيس_الأحكام على ما صح من خير الأنام بشرح عمدة الأحكام] ◈ تأليف فضيلة الشيخ العلامة أحمد بن يحيى النجمي الدرس: الثاني والستون تعليق الشيخ حسن بن محمد منصور الدغريري حفظه الله 🎙للإستماع إلى الصوتية : https://d.top4top.io/m_2539y86q20.m4a 00:00 ـ──━━◉ 40:30 ا⇄ا ▷▷ I I ◁◁ ↻
167,AUD-20221221-WA0002.m4a,AUD-YYYYMMDD-WA,21/12/2022,YES,2709,21/12/2022,,29:09,,,إتمام المنة,‏🔸 [ القراءة والتعليق على كتاب #إتمام_المنة شرح أصول السنة للإمام أحمد ] 🔸 تأليف العلامة أحمد بن يحيى النجمي رحمه الله 🔹 الدرس الثاني لفضيلة الشيخ حسن بن محمد منصور الدغريري -حفظه الله ورعاه- ☑ الثلاثاء ٢٦ / ٥ / ١٤٤٤هـ 🎙للإستماع إلى الصوتية : https://a.top4top.io/m_25469sk3y1.m4a 00:00 ـ──━━◉ 29:09 
168,AUD-20221228-WA0001.m4a,AUD-YYYYMMDD-WA,28/12/2022,YES,2748,28/12/2022,,28:42,,,إتمام المنة,‏🔸 [ القراءة والتعليق على كتاب #إتمام_المنة شرح أصول السنة للإمام أحمد ] 🔸 تأليف العلامة أحمد بن يحيى النجمي رحمه الله 🔹 الدرس الثالث لفضيلة الشيخ حسن بن محمد منصور الدغريري -حفظه الله ورعاه- ☑ الثلاثاء ٤ / ٦ / ١٤٤٤هـ 🎙للإستماع إلى الصوتية : https://d.top4top.io/m_2553i8uwu1.m4a 00:00 ـ──━━◉ 28:42 ا
169,AUD-20230103-WA0015.m4a,AUD-YYYYMMDD-WA,03/01/2023,YES,2792,04/01/2023,,14:33,,,إتمام المنة,‏🔸 [ القراءة والتعليق على كتاب #إتمام_المنة شرح أصول السنة للإمام أحمد ] 🔸 تأليف العلامة أحمد بن يحيى النجمي رحمه الله 🔹 الدرس الرابع لفضيلة الشيخ حسن بن محمد منصور الدغريري -حفظه الله ورعاه- ☑ الثلاثاء ١٠ / ٦ / ١٤٤٤هـ 🎙للإستماع إلى الصوتية : https://e.top4top.io/m_255925mx41.m4a 00:00 ـ──━━◉ 14:33 
170,AUD-20230111-WA0003.m4a,AUD-YYYYMMDD-WA,11/01/2023,YES,2846,11/01/2023,,41:21,,,إتمام المنة,‏🔸 [ القراءة والتعليق على كتاب #إتمام_المنة شرح أصول السنة للإمام أحمد ] 🔸 تأليف العلامة أحمد بن يحيى النجمي رحمه الله 🔹 الدرس الخامس لفضيلة الشيخ حسن بن محمد منصور الدغريري -حفظه الله ورعاه- ☑ الثلاثاء ١٧ / ٦ / ١٤٤٤هـ 🎙للإستماع إلى الصوتية : https://j.top4top.io/m_2566z23ir1.m4a 00:00 ـ──━━◉ 41:21 
171,AUD-20230117-WA0020.m4a,AUD-YYYYMMDD-WA,17/01/2023,YES,2878,18/01/2023,,38:09,,,إتمام المنة,‏🔸 [ القراءة والتعليق على كتاب #إتمام_المنة شرح أصول السنة للإمام أحمد ] 🔸 تأليف العلامة أحمد بن يحيى النجمي رحمه الله 🔹 الدرس السادس والأخير لفضيلة الشيخ حسن بن محمد منصور الدغريري -حفظه الله ورعاه- ☑ الثلاثاء ٢٤ / ٦ / ١٤٤٤هـ 🎙للإستماع إلى الصوتية : https://k.top4top.io/m_25734gux31.m4a 00:00 ـ──━━
172,AUD-20230124-WA0016.m4a,AUD-YYYYMMDD-WA,24/01/2023,YES,2907,25/01/2023,,31:09,,,الفضل المبين,‏🔸 [ القراءة والتعليق على كتاب #الفضل_المبين من رب العالمين بالتعليق على #أصل_السنة_واعتقاد_الدين ] 🔸 تأليف العلامة أحمد بن يحيى النجمي -رحمه الله- 🔹 الدرس الأول لفضيلة الشيخ حسن بن محمد منصور الدغريري حفظه الله ☑ الثلاثاء ٢ / ٧ / ١٤٤٤هـ 🎙للإستماع إلى الصوتية : https://g.top4top.io/m_2580kmq3i1.m4a 
173,AUD-20230131-WA0007.m4a,AUD-YYYYMMDD-WA,31/01/2023,YES,2943,01/02/2023,,34:10,,,الفضل المبين,‏🔸 [ القراءة والتعليق على كتاب #الفضل_المبين من رب العالمين بالتعليق على #أصل_السنة_واعتقاد_الدين ] 🔸 تأليف العلامة أحمد بن يحيى النجمي -رحمه الله- 🔹 الدرس الثاني لفضيلة الشيخ حسن بن محمد منصور الدغريري حفظه الله ☑ الثلاثاء ٩ / ٧ / ١٤٤٤هـ 🎙للإستماع إلى الصوتية : https://b.top4top.io/m_2587eh97h1.m4a
174,AUD-20230207-WA0012.m4a,AUD-YYYYMMDD-WA,07/02/2023,YES,2966,08/02/2023,,27:07,,,الفضل المبين,‏🔸 [ القراءة والتعليق على كتاب #الفضل_المبين من رب العالمين بالتعليق على #أصل_السنة_واعتقاد_الدين ] 🔸 تأليف العلامة أحمد بن يحيى النجمي -رحمه الله- 🔹 الدرس الثالث لفضيلة الشيخ حسن بن محمد منصور الدغريري حفظه الله ☑ الثلاثاء ١٦ / ٧ / ١٤٤٤هـ 🎙للإستماع إلى الصوتية : https://b.top4top.io/m_2594u1wyd1.m4
175,AUD-20230214-WA0018.m4a,AUD-YYYYMMDD-WA,14/02/2023,YES,2994,15/02/2023,,32:39,,,الفضل المبين,‏🔸 [ القراءة والتعليق على كتاب #الفضل_المبين من رب العالمين بالتعليق على #أصل_السنة_واعتقاد_الدين ] 🔸 تأليف العلامة أحمد بن يحيى النجمي -رحمه الله- 🔹 الدرس الرابع لفضيلة الشيخ حسن بن محمد منصور الدغريري حفظه الله ☑ الثلاثاء ٢٤ / ٧ / ١٤٤٤هـ 🎙للإستماع إلى الصوتية : https://j.top4top.io/m_2602cig3y1.m4
176,AUD-20230221-WA0003.m4a,AUD-YYYYMMDD-WA,21/02/2023,YES,3018,22/02/2023,,19:27,,,الفضل المبين,‏🔸 [ القراءة والتعليق على كتاب #الفضل_المبين من رب العالمين بالتعليق على #أصل_السنة_واعتقاد_الدين ] 🔸 تأليف العلامة أحمد بن يحيى النجمي -رحمه الله- 🔹 الدرس الخامس لفضيلة الشيخ حسن بن محمد منصور الدغريري حفظه الله ☑ الثلاثاء ١ / ٨ / ١٤٤٤هـ 🎙للإستماع إلى الصوتية : https://k.top4top.io/m_2608qoenv1.m4a
177,AUD-20230228-WA0048.m4a,AUD-YYYYMMDD-WA,28/02/2023,YES,3051,01/03/2023,,32:11,,,الفضل المبين,‏🔸 [ القراءة والتعليق على كتاب #الفضل_المبين من رب العالمين بالتعليق على #أصل_السنة_واعتقاد_الدين ] 🔸 تأليف العلامة أحمد بن يحيى النجمي -رحمه الله- 🔹 الدرس السادس لفضيلة الشيخ حسن بن محمد منصور الدغريري حفظه الله ☑ الثلاثاء ٨ / ٨ / ١٤٤٤هـ 🎙للإستماع إلى الصوتية : https://k.top4top.io/m_2615drbpx1.m4a
178,AUD-20230314-WA0017.m4a,AUD-YYYYMMDD-WA,14/03/2023,YES,3094,14/03/2023,,26:57,,,الفضل المبين,‏🔸 [ القراءة والتعليق على كتاب #الفضل_المبين من رب العالمين بالتعليق على #أصل_السنة_واعتقاد_الدين ] 🔸 تأليف العلامة أحمد بن يحيى النجمي -رحمه الله- 🔹 الدرس السابع لفضيلة الشيخ حسن بن محمد منصور الدغريري حفظه الله ☑ الثلاثاء ٢٢ / ٨ / ١٤٤٤هـ 🎙للإستماع إلى الصوتية : https://d.top4top.io/m_2629muklh1.m4
179,AUD-20230322-WA0003.m4a,AUD-YYYYMMDD-WA,22/03/2023,YES,3119,22/03/2023,,18:06,,,الفضل المبين,‏🔸 [ القراءة والتعليق على كتاب #الفضل_المبين من رب العالمين بالتعليق على #أصل_السنة_واعتقاد_الدين ] 🔸 تأليف العلامة أحمد بن يحيى النجمي -رحمه الله- 🔹 الدرس الثامن والأخير لفضيلة الشيخ حسن بن محمد منصور الدغريري حفظه الله ☑ الثلاثاء ٢٩ / ٨ / ١٤٤٤هـ 🎙للإستماع إلى الصوتية : https://b.top4top.io/m_2637w
180,AUD-20230421-WA0015-[AudioTrimmer.com].m4a,AUD-YYYYMMDD-WA,21/04/2023,YES,3216,22/04/2023,1444/10/01,9:59,خطبة عيد,,#جديد_الخطب,🔸[ #جديد_الخطب ]🔸 ❒ [خطبة عيد الفطر لعام ١٤٤٤هـ] ❒ 🔸 لفضيلة الشيخ : حسن بن محمد منصور الدغريري حفظه الله 🔸 ☑ ❲١ شوال ١٤٤٤هـ❳ 🎙للإستماع إلى الصوتية : https://j.top4top.io/m_2668eokbr1.m4a 00:00 ـ──━━━━◉ 9:59 ا⇄ا ▷▷ I I ◁◁ ↻ رابط القناة على التلجرام⇙ ╭─═┅┅┅┅┅┅┅═─╮ https://t.me/daririhasan/3216 ╰─═┅┅┅┅
181,AUD-20230504-WA0004.m4a,AUD-YYYYMMDD-WA,04/05/2023,YES,3242,04/05/2023,,37:15,,,أعلام السنة المنشورة,‏🔸 [ القراءة والتعليق على كتاب #أعلام_السنة_المنشورة لاعتقاد الطائفة الناجية المنصورة ] 🔸 تأليف العلامة حافظ بن أحمد الحكمي رحمه الله 🔹 الدرس الأول لفضيلة الشيخ حسن بن محمد منصور الدغريري حفظه الله ☑ الثلاثاء ١٢ / ١٠ / ١٤٤٤هـ 🎙للإستماع إلى الصوتية : https://k.top4top.io/m_2680e2n7x1.m4a 00:00 ـ──━━◉
182,AUD-20230510-WA0000.m4a,AUD-YYYYMMDD-WA,10/05/2023,YES,3258,10/05/2023,,24:26,,,أعلام السنة المنشورة,‏🔸 [ القراءة والتعليق على كتاب #أعلام_السنة_المنشورة لاعتقاد الطائفة الناجية المنصورة ] 🔸 تأليف العلامة حافظ بن أحمد الحكمي رحمه الله 🔹 الدرس الثاني لفضيلة الشيخ حسن بن محمد منصور الدغريري حفظه الله ☑ الثلاثاء ١٩ / ١٠ / ١٤٤٤هـ 🎙للإستماع إلى الصوتية : https://j.top4top.io/m_2686c9wi51.m4a 00:00 ـ──━━
183,AUD-20230512-WA0000-[AudioTrimmer.com].m4a,AUD-YYYYMMDD-WA,12/05/2023,YES,3263,12/05/2023,1444/10/22,10:06,,,جديد الخطب,🔸[ #جديد_الخطب ]🔸 ❒ [نعمة الأموال والتبرعات الشعبية لأهل السودان] ❒ 🔸 لفضيلة الشيخ : حسن بن محمد منصور الدغريري حفظه الله 🔸 ☑ ❲٢٢ شوال ١٤٤٤هـ❳ 🎙للإستماع إلى الصوتية : https://c.top4top.io/m_2688m2ovc1.m4a 00:00 ـ──━━━━◉ 10:06 ا⇄ا ▷▷ I I ◁◁ ↻ رابط القناة على التلجرام⇙ ╭─═┅┅┅┅┅┅┅═─╮ https://t.me/darir
184,AUD-20230514-WA0000.m4a,AUD-YYYYMMDD-WA,14/05/2023,YES,3276,14/05/2023,,48:43,,,المورد العذب الزلال,‏🔸 [ القراءة والتعليق على كتاب #المورد_العذب_الزلال فيما انتقد على بعض المناهج الدعوية من العقائد والأعمال ] 🔸 تأليف العلامة أحمد بن يحيى النجمي -رحمه الله- 🔹 مجلس السماع الأول لفضيلة الشيخ حسن بن محمد منصور الدغريري حفظه الله ☑ السبت ٢٣ / ١٠ / ١٤٤٤هـ 🎙للإستماع إلى الصوتية : https://c.top4top.io/m_2
185,AUD-20230517-WA0010.m4a,AUD-YYYYMMDD-WA,17/05/2023,YES,3308,21/05/2023,,30:46,,,أعلام السنة المنشورة,‏🔸 [ القراءة والتعليق على كتاب #أعلام_السنة_المنشورة لاعتقاد الطائفة الناجية المنصورة ] 🔸 تأليف العلامة حافظ بن أحمد الحكمي رحمه الله 🔹 الدرس الثالث لفضيلة الشيخ حسن بن محمد منصور الدغريري حفظه الله ☑ الثلاثاء ٢٦ / ١٠ / ١٤٤٤هـ 🎙للإستماع إلى الصوتية : https://e.top4top.io/m_26962yapp1.m4a 00:00 ـ──━━
186,AUD-20230519-WA0006-[AudioTrimmer.com].m4a,AUD-YYYYMMDD-WA,19/05/2023,YES,3295,19/05/2023,1444/10/29,9:22,,,جديد الخطب,🔸[ #جديد_الخطب ]🔸 ❒ [الحذر من المال الحرام والرِّشوة] ❒ 🔸 لفضيلة الشيخ : حسن بن محمد منصور الدغريري حفظه الله 🔸 ☑ ❲٢٩ شوال ١٤٤٤هـ❳ 🎙للإستماع إلى الصوتية : https://g.top4top.io/m_26956d59o1.m4a 00:00 ـ──━━━━◉ 9:22 ا⇄ا ▷▷ I I ◁◁ ↻ رابط القناة على التلجرام⇙ ╭─═┅┅┅┅┅┅┅═─╮ https://t.me/daririhasan/3295 ╰
187,AUD-20230520-WA0010.m4a,AUD-YYYYMMDD-WA,20/05/2023,YES,3312,21/05/2023,,26:36,,,المورد العذب الزلال,‏🔸 [ القراءة والتعليق على كتاب #المورد_العذب_الزلال فيما انتقد على بعض المناهج الدعوية من العقائد والأعمال ] 🔸 تأليف العلامة أحمد بن يحيى النجمي -رحمه الله- 🔹 مجلس السماع الثاني لفضيلة الشيخ حسن بن محمد منصور الدغريري حفظه الله ☑ السبت ٣٠ / ١٠ / ١٤٤٤هـ 🎙للإستماع إلى الصوتية : https://d.top4top.io/m_
188,AUD-20230531-WA0007.m4a,AUD-YYYYMMDD-WA,31/05/2023,YES,3341,31/05/2023,,40:32,,,أعلام السنة المنشورة,‏🔸 [ القراءة والتعليق على كتاب #أعلام_السنة_المنشورة لاعتقاد الطائفة الناجية المنصورة ] 🔸 تأليف العلامة حافظ بن أحمد الحكمي رحمه الله 🔹 الدرس الرابع لفضيلة الشيخ حسن بن محمد منصور الدغريري حفظه الله ☑ الثلاثاء ١٠ / ١١ / ١٤٤٤هـ 🎙للإستماع إلى الصوتية : https://t.me/daririhasan/3341 00:00 ـ──━━◉ 40:32 
189,AUD-20230603-WA0018.m4a,AUD-YYYYMMDD-WA,03/06/2023,YES,3354,04/06/2023,,28:31,,,المورد العذب الزلال,‏🔸 [ القراءة والتعليق على كتاب #المورد_العذب_الزلال فيما انتقد على بعض المناهج الدعوية من العقائد والأعمال ] 🔸 تأليف العلامة أحمد بن يحيى النجمي -رحمه الله- 🔹 مجلس السماع الثالث لفضيلة الشيخ حسن بن محمد منصور الدغريري حفظه الله ☑ السبت ١٤ / ١١ / ١٤٤٤هـ 🎙للإستماع إلى الصوتية : https://t.me/daririhasa
190,AUD-20230608-WA0002.m4a,AUD-YYYYMMDD-WA,08/06/2023,YES,3371,08/06/2023,,47:17,,,أعلام السنة المنشورة,‏🔸 [ القراءة والتعليق على كتاب #أعلام_السنة_المنشورة لاعتقاد الطائفة الناجية المنصورة ] 🔸 تأليف العلامة حافظ بن أحمد الحكمي رحمه الله 🔹 الدرس الخامس لفضيلة الشيخ حسن بن محمد منصور الدغريري حفظه الله ☑ الثلاثاء ١٧ / ١١ / ١٤٤٤هـ 🎙للإستماع إلى الصوتية : https://t.me/daririhasan/3371 00:00 ـ──━━◉ 47:17 
191,AUD-20230611-WA0010.m4a,AUD-YYYYMMDD-WA,11/06/2023,YES,3382,11/06/2023,,37:27,,,المورد العذب الزلال,‏🔸 [ القراءة والتعليق على كتاب #المورد_العذب_الزلال فيما انتقد على بعض المناهج الدعوية من العقائد والأعمال ] 🔸 تأليف العلامة أحمد بن يحيى النجمي -رحمه الله- 🔹 مجلس السماع الرابع لفضيلة الشيخ حسن بن محمد منصور الدغريري حفظه الله ☑ السبت ٢١ / ١١ / ١٤٤٤هـ 🎙للإستماع إلى الصوتية : https://t.me/daririhasa
192,AUD-20230611-WA0024.m4a,AUD-YYYYMMDD-WA,11/06/2023,YES,3392,13/06/2023,,35:37,تنبيه الأنام,,كتاب الحج,‏🔸 [ القراءة والتعليق على #كتاب_الحج من كتاب تنبيه الأنام على ما في كتاب سبل السلام من الفوائد والأحكام ] 🔸 تأليف العلامة أحمد بن يحيى النجمي -رحمه الله- 🔹 الدرس الأول لفضيلة الشيخ حسن بن محمد منصور الدغريري حفظه الله ☑ الأحد ٢٢ / ١١ / ١٤٤٤هـ 🎙للإستماع إلى الصوتية : https://t.me/daririhasan/3392 00:
193,AUD-20230612-WA0011.m4a,AUD-YYYYMMDD-WA,12/06/2023,YES,3394,13/06/2023,,25:51,تنبيه الأنام,,كتاب الحج,‏🔸 [ القراءة والتعليق على #كتاب_الحج من كتاب تنبيه الأنام على ما في كتاب سبل السلام من الفوائد والأحكام ] 🔸 تأليف العلامة أحمد بن يحيى النجمي -رحمه الله- 🔹 الدرس الثاني لفضيلة الشيخ حسن بن محمد منصور الدغريري حفظه الله ☑ الاثنين ٢٣ / ١١ / ١٤٤٤هـ 🎙للإستماع إلى الصوتية : https://t.me/daririhasan/3394 
194,AUD-20230613-WA0027.m4a,AUD-YYYYMMDD-WA,13/06/2023,YES,3403,16/06/2023,,34:42,تنبيه الأنام,,كتاب الحج,‏🔸 [ القراءة والتعليق على #كتاب_الحج من كتاب تنبيه الأنام على ما في كتاب سبل السلام من الفوائد والأحكام ] 🔸 تأليف العلامة أحمد بن يحيى النجمي -رحمه الله- 🔹 الدرس الثالث لفضيلة الشيخ حسن بن محمد منصور الدغريري حفظه الله ☑ الثلاثاء ٢٤ / ١١ / ١٤٤٤هـ 🎙للإستماع إلى الصوتية : https://t.me/daririhasan/3403
195,AUD-20230615-WA0000.m4a,AUD-YYYYMMDD-WA,15/06/2023,YES,3411,17/06/2023,,31:21,تنبيه الأنام,,كتاب الحج,‏🔸 [ القراءة والتعليق على #كتاب_الحج من كتاب تنبيه الأنام على ما في كتاب سبل السلام من الفوائد والأحكام ] 🔸 تأليف العلامة أحمد بن يحيى النجمي -رحمه الله- 🔹 الدرس الرابع لفضيلة الشيخ حسن بن محمد منصور الدغريري حفظه الله ☑ الأربعاء ٢٥ / ١١ / ١٤٤٤هـ 🎙للإستماع إلى الصوتية : https://t.me/daririhasan/3411
196,AUD-20230616-WA0020.m4a,AUD-YYYYMMDD-WA,16/06/2023,YES,3413,17/06/2023,,20:38,تنبيه الأنام,,كتاب الحج,‏🔸 [ القراءة والتعليق على #كتاب_الحج من كتاب تنبيه الأنام على ما في كتاب سبل السلام من الفوائد والأحكام ] 🔸 تأليف العلامة أحمد بن يحيى النجمي -رحمه الله- 🔹 الدرس الخامس لفضيلة الشيخ حسن بن محمد منصور الدغريري حفظه الله ☑ الجمعة ٢٧ / ١١ / ١٤٤٤هـ 🎙للإستماع إلى الصوتية : https://t.me/daririhasan/3413 0
197,AUD-20230618-WA0004.m4a,AUD-YYYYMMDD-WA,18/06/2023,YES,3421,19/06/2023,,37:41,تنبيه الأنام,,كتاب الحج,‏🔸 [ القراءة والتعليق على #كتاب_الحج من كتاب تنبيه الأنام على ما في كتاب سبل السلام من الفوائد والأحكام ] 🔸 تأليف العلامة أحمد بن يحيى النجمي -رحمه الله- 🔹 الدرس السادس لفضيلة الشيخ حسن بن محمد منصور الدغريري حفظه الله ☑ السبت ٢٨ / ١١ / ١٤٤٤هـ 🎙للإستماع إلى الصوتية : https://t.me/daririhasan/3421 00
198,AUD-20230620-WA0017.m4a,AUD-YYYYMMDD-WA,20/06/2023,YES,3425,20/06/2023,,47:05,تنبيه الأنام,,كتاب الحج,‏🔸 [ القراءة والتعليق على #كتاب_الحج من كتاب تنبيه الأنام على ما في كتاب سبل السلام من الفوائد والأحكام ] 🔸 تأليف العلامة أحمد بن يحيى النجمي -رحمه الله- 🔹 الدرس السابع لفضيلة الشيخ حسن بن محمد منصور الدغريري حفظه الله ☑ الاثنين ١ / ١٢ / ١٤٤٤هـ 🎙للإستماع إلى الصوتية : https://t.me/daririhasan/3425 0
199,AUD-20230620-WA0020.m4a,AUD-YYYYMMDD-WA,20/06/2023,YES,3434,21/06/2023,,40:49,تنبيه الأنام,,كتاب الحج,‏🔸 [ القراءة والتعليق على #كتاب_الحج من كتاب تنبيه الأنام على ما في كتاب سبل السلام من الفوائد والأحكام ] 🔸 تأليف العلامة أحمد بن يحيى النجمي -رحمه الله- 🔹 الدرس الثامن لفضيلة الشيخ حسن بن محمد منصور الدغريري حفظه الله ☑ الثلاثاء ٢ / ١٢ / ١٤٤٤هـ 🎙للإستماع إلى الصوتية : https://t.me/daririhasan/3434 
200,AUD-20230621-WA0012.m4a,AUD-YYYYMMDD-WA,21/06/2023,YES,3436,22/06/2023,,13:51,تنبيه الأنام,,كتاب الحج,‏🔸 [ القراءة والتعليق على #كتاب_الحج من كتاب تنبيه الأنام على ما في كتاب سبل السلام من الفوائد والأحكام ] 🔸 تأليف العلامة أحمد بن يحيى النجمي -رحمه الله- 🔹 الدرس التاسع والأخير لفضيلة الشيخ حسن بن محمد منصور الدغريري حفظه الله ☑ الأربعاء ٣ / ١٢ / ١٤٤٤هـ 🎙للإستماع إلى الصوتية : https://t.me/daririhas
201,AUD-20230629-WA0002-[AudioTrimmer.com].m4a,AUD-YYYYMMDD-WA,29/06/2023,YES,3444,30/06/2023,1444/12/10,9:04,خطبة عيد,,#جديد_الخطب,🔸[ #جديد_الخطب ]🔸 ❒ [خطبة عيد الأضحى لعام ١٤٤٤هـ] ❒ 🔸 لفضيلة الشيخ : حسن بن محمد منصور الدغريري حفظه الله 🔸 ☑ ❲١٠ ذي الحجة ١٤٤٤هـ❳ 🎙للإستماع إلى الصوتية : https://t.me/daririhasan/3444 00:00 ـ──━━━━◉ 9:04 ا⇄ا ▷▷ I I ◁◁ ↻ رابط القناة على التلجرام⇙ ╭─═┅┅┅┅┅┅┅═─╮ https://t.me/daririhasan/3444 ╰─═┅┅┅┅┅┅
202,AUD-20230814-WA0045.m4a,AUD-YYYYMMDD-WA,14/08/2023,YES,3538,15/08/2023,,24:19,,,أعلام السنة المنشورة,‏🔸 [ القراءة والتعليق على كتاب #أعلام_السنة_المنشورة لاعتقاد الطائفة الناجية المنصورة ] 🔸 تأليف العلامة حافظ بن أحمد الحكمي رحمه الله 🔹 الدرس السادس لفضيلة الشيخ حسن بن محمد منصور الدغريري حفظه الله ☑ الاثنين ٢٧ / ١ / ١٤٤٥هـ 🎙للإستماع إلى الصوتية : https://l.top4top.io/m_2782kj1qb1.m4a 00:00 ـ──━━◉ 
203,AUD-20230815-WA0009.m4a,AUD-YYYYMMDD-WA,15/08/2023,YES,3546,15/08/2023,,37:10,,,المورد العذب الزلال,‏🔸 [ القراءة والتعليق على كتاب #المورد_العذب_الزلال فيما انتقد على بعض المناهج الدعوية من العقائد والأعمال ] 🔸 تأليف العلامة أحمد بن يحيى النجمي -رحمه الله- 🔹 مجلس السماع الخامس لفضيلة الشيخ حسن بن محمد منصور الدغريري حفظه الله ☑ الثلاثاء ٢٨ / ١ / ١٤٤٥هـ 🎙للإستماع إلى الصوتية : https://i.top4top.io/
204,AUD-20230822-WA0005.m4a,AUD-YYYYMMDD-WA,22/08/2023,YES,3576,23/08/2023,,37:43,,,المورد العذب الزلال,‏🔸 [ القراءة والتعليق على كتاب #المورد_العذب_الزلال فيما انتقد على بعض المناهج الدعوية من العقائد والأعمال ] 🔸 تأليف العلامة أحمد بن يحيى النجمي -رحمه الله- 🔹 مجلس السماع السادس لفضيلة الشيخ حسن بن محمد منصور الدغريري حفظه الله ☑ الثلاثاء ٦ / ٢ / ١٤٤٥هـ 🎙للإستماع إلى الصوتية : https://d.top4top.io/m
205,AUD-20230828-WA0007.m4a,AUD-YYYYMMDD-WA,28/08/2023,YES,3597,29/08/2023,,17:18,,,أعلام السنة المنشورة,‏🔸 [ القراءة والتعليق على كتاب #أعلام_السنة_المنشورة لاعتقاد الطائفة الناجية المنصورة ] 🔸 تأليف العلامة حافظ بن أحمد الحكمي رحمه الله 🔹 الدرس السابع لفضيلة الشيخ حسن بن محمد منصور الدغريري حفظه الله ☑ الاثنين ١٢ / ٢ / ١٤٤٥هـ 🎙للإستماع إلى الصوتية : https://j.top4top.io/m_27978s4tb1.m4a 00:00 ـ──━━◉ 
206,AUD-20230830-WA0000.m4a,AUD-YYYYMMDD-WA,30/08/2023,YES,3608,30/08/2023,,35:33,,,المورد العذب الزلال,‏🔸 [ القراءة والتعليق على كتاب #المورد_العذب_الزلال فيما انتقد على بعض المناهج الدعوية من العقائد والأعمال ] 🔸 تأليف العلامة أحمد بن يحيى النجمي -رحمه الله- 🔹 مجلس السماع السابع لفضيلة الشيخ حسن بن محمد منصور الدغريري حفظه الله ☑ الثلاثاء ١٣ / ٢ / ١٤٤٥هـ 🎙للإستماع إلى الصوتية : https://c.top4top.io/
207,AUD-20230904-WA0051.m4a,AUD-YYYYMMDD-WA,04/09/2023,YES,3635,05/09/2023,,16:44,,,أعلام السنة المنشورة,‏🔸 [ القراءة والتعليق على كتاب #أعلام_السنة_المنشورة لاعتقاد الطائفة الناجية المنصورة ] 🔸 تأليف العلامة حافظ بن أحمد الحكمي رحمه الله 🔹 الدرس الثامن لفضيلة الشيخ حسن بن محمد منصور الدغريري حفظه الله ☑ الاثنين ١٩ / ٢ / ١٤٤٥هـ 🎙للإستماع إلى الصوتية : https://l.top4top.io/m_2803wt5me1.m4a 00:00 ـ──━━◉ 
208,AUD-20230905-WA0006.m4a,AUD-YYYYMMDD-WA,05/09/2023,YES,3640,05/09/2023,,34:38,,,المورد العذب الزلال,‏🔸 [ القراءة والتعليق على كتاب #المورد_العذب_الزلال فيما انتقد على بعض المناهج الدعوية من العقائد والأعمال ] 🔸 تأليف العلامة أحمد بن يحيى النجمي -رحمه الله- 🔹 مجلس السماع الثامن لفضيلة الشيخ حسن بن محمد منصور الدغريري حفظه الله ☑ الثلاثاء ٢٠ / ٢ / ١٤٤٥هـ 🎙للإستماع إلى الصوتية : https://c.top4top.io/
209,AUD-20230915-WA0001.m4a,AUD-YYYYMMDD-WA,15/09/2023,YES,3668,15/09/2023,,32:41,,,أعلام السنة المنشورة,‏🔸 [ القراءة والتعليق على كتاب #أعلام_السنة_المنشورة لاعتقاد الطائفة الناجية المنصورة ] 🔸 تأليف العلامة حافظ بن أحمد الحكمي رحمه الله 🔹 الدرس التاسع لفضيلة الشيخ حسن بن محمد منصور الدغريري حفظه الله ☑ الاثنين ١٩ / ٢ / ١٤٤٥هـ 🎙للإستماع إلى الصوتية : https://k.top4top.io/m_28143qs2g1.m4a 00:00 ـ──━━◉ 
210,AUD-20230919-WA0002.m4a,AUD-YYYYMMDD-WA,19/09/2023,YES,3688,19/09/2023,,32:03,,,أعلام السنة المنشورة,‏🔸 [ القراءة والتعليق على كتاب #أعلام_السنة_المنشورة لاعتقاد الطائفة الناجية المنصورة ] 🔸 تأليف العلامة حافظ بن أحمد الحكمي رحمه الله 🔹 الدرس العاشر لفضيلة الشيخ حسن بن محمد منصور الدغريري حفظه الله ☑ الاثنين ٣ / ٣ / ١٤٤٥هـ 🎙للإستماع إلى الصوتية : https://i.top4top.io/m_28185n5h01.m4a 00:00 ـ──━━◉ 3
211,AUD-20230923-WA0000.m4a,AUD-YYYYMMDD-WA,23/09/2023,YES,3698,23/09/2023,,35:07,,,المورد العذب الزلال,‏🔸 [ القراءة والتعليق على كتاب #المورد_العذب_الزلال فيما انتقد على بعض المناهج الدعوية من العقائد والأعمال ] 🔸 تأليف العلامة أحمد بن يحيى النجمي -رحمه الله- 🔹 مجلس السماع التاسع لفضيلة الشيخ حسن بن محمد منصور الدغريري حفظه الله ☑ الثلاثاء ٤ / ٣ / ١٤٤٥هـ 🎙للإستماع إلى الصوتية : https://j.top4top.io/m
212,AUD-20230926-WA0000.m4a,AUD-YYYYMMDD-WA,26/09/2023,YES,3714,26/09/2023,,29:04,,,أعلام السنة المنشورة,‏🔸 [ القراءة والتعليق على كتاب #أعلام_السنة_المنشورة لاعتقاد الطائفة الناجية المنصورة ] 🔸 تأليف العلامة حافظ بن أحمد الحكمي رحمه الله 🔹 الدرس الحادي عشر لفضيلة الشيخ حسن بن محمد منصور الدغريري حفظه الله ☑ الاثنين ٩ / ٣ / ١٤٤٥هـ 🎙للإستماع إلى الصوتية : https://e.top4top.io/m_2825q3tjm1.m4a 00:00 ـ──━
213,AUD-20230927-WA0000.m4a,AUD-YYYYMMDD-WA,27/09/2023,YES,3718,27/09/2023,,35:07,,,المورد العذب الزلال,‏🔸 [ القراءة والتعليق على كتاب #المورد_العذب_الزلال فيما انتقد على بعض المناهج الدعوية من العقائد والأعمال ] 🔸 تأليف العلامة أحمد بن يحيى النجمي -رحمه الله- 🔹 مجلس السماع العاشر لفضيلة الشيخ حسن بن محمد منصور الدغريري حفظه الله ☑ الثلاثاء ١٠ / ٣ / ١٤٤٥هـ 🎙للإستماع إلى الصوتية : https://e.top4top.io/
214,AUD-20231006-WA0001 (2).m4a,AUD-YYYYMMDD-WA,06/10/2023,YES,3747,06/10/2023,,29:15,,,أعلام السنة المنشورة,‏🔸 [ القراءة والتعليق على كتاب #أعلام_السنة_المنشورة لاعتقاد الطائفة الناجية المنصورة ] 🔸 تأليف العلامة حافظ بن أحمد الحكمي رحمه الله 🔹 الدرس الثاني عشر لفضيلة الشيخ حسن بن محمد منصور الدغريري حفظه الله ☑ الاثنين ١٧ / ٣ / ١٤٤٥هـ 🎙للإستماع إلى الصوتية : https://c.top4top.io/m_2835aakqg1.m4a 00:00 ـ──
215,AUD-20231007-WA0000.m4a,AUD-YYYYMMDD-WA,07/10/2023,YES,3754,07/10/2023,,35:53,,,المورد العذب الزلال,‏🔸 [ القراءة والتعليق على كتاب #المورد_العذب_الزلال فيما انتقد على بعض المناهج الدعوية من العقائد والأعمال ] 🔸 تأليف العلامة أحمد بن يحيى النجمي -رحمه الله- 🔹 مجلس السماع الحادي عشر لفضيلة الشيخ حسن بن محمد منصور الدغريري حفظه الله ☑ الثلاثاء ١٨ / ٣ / ١٤٤٥هـ 🎙للإستماع إلى الصوتية : https://g.top4top
216,AUD-20231014-WA0003.m4a,AUD-YYYYMMDD-WA,14/10/2023,YES,3772,14/10/2023,,29:34,,,المورد العذب الزلال,‏🔸 [ القراءة والتعليق على كتاب #المورد_العذب_الزلال فيما انتقد على بعض المناهج الدعوية من العقائد والأعمال ] 🔸 تأليف العلامة أحمد بن يحيى النجمي -رحمه الله- 🔹 مجلس السماع الثاني عشر لفضيلة الشيخ حسن بن محمد منصور الدغريري حفظه الله ☑ الثلاثاء ٢٥ / ٣ / ١٤٤٥هـ 🎙للإستماع إلى الصوتية : https://t.me/dari
217,AUD-20231019-WA0018.m4a,AUD-YYYYMMDD-WA,19/10/2023,YES,3786,20/10/2023,,31:36,,,أعلام السنة المنشورة,‏🔸 [ القراءة والتعليق على كتاب #أعلام_السنة_المنشورة لاعتقاد الطائفة الناجية المنصورة ] 🔸 تأليف العلامة حافظ بن أحمد الحكمي رحمه الله 🔹 الدرس الثالث عشر لفضيلة الشيخ حسن بن محمد منصور الدغريري حفظه الله ☑ الاثنين ١ / ٤ / ١٤٤٥هـ 🎙للإستماع إلى الصوتية : https://g.top4top.io/m_2848k02kr1.m4a 00:00 ـ──━
218,AUD-20231019-WA0062.m4a,AUD-YYYYMMDD-WA,19/10/2023,YES,3788,20/10/2023,,30:14,,,المورد العذب الزلال,‏🔸 [ القراءة والتعليق على كتاب #المورد_العذب_الزلال فيما انتقد على بعض المناهج الدعوية من العقائد والأعمال ] 🔸 تأليف العلامة أحمد بن يحيى النجمي -رحمه الله- 🔹 مجلس السماع الثالث عشر لفضيلة الشيخ حسن بن محمد منصور الدغريري حفظه الله ☑ الثلاثاء ٢ / ٤ / ١٤٤٥هـ 🎙للإستماع إلى الصوتية : https://t.me/darir
219,AUD-20231219-WA0000.m4a,AUD-YYYYMMDD-WA,19/12/2023,YES,3887,19/12/2023,,28:37,,,المورد العذب الزلال,‌‏‌‏‌‏🔸 [ القراءة في كتاب #المورد_العذب_الزلال ] 🔸 للعلامة أحمد بن يحيى النجمي -رحمه الله- 🔹 الدرس الثامن عشر لفضيلة الشيخ حسن بن محمد منصور الدغريري حفظه الله 🎙للإستماع إلى الصوتية : https://t.me/daririhasan/3887 00:00 ـ──━━◉ 28:37 ا⇄ا ▷▷ I I ◁◁ ↻ رابط القناة على التلجرام⇙ ╭─═┅┅┅┅┅┅┅═─╮ https://t.m
220,AUD-20231227-WA0003.m4a,AUD-YYYYMMDD-WA,27/12/2023,YES,3920,27/12/2023,,34:58,,,المورد العذب الزلال,‌‏‌‏‌‏🔸 [ القراءة في كتاب #المورد_العذب_الزلال ] 🔸 للعلامة أحمد بن يحيى النجمي -رحمه الله- 🔹 الدرس التاسع عشر والأخير لفضيلة الشيخ حسن بن محمد منصور الدغريري حفظه الله 🎙للإستماع إلى الصوتية : https://t.me/daririhasan/3920 00:00 ـ──━━◉ 34:58 ا⇄ا ▷▷ I I ◁◁ ↻ رابط القناة على التلجرام⇙ ╭─═┅┅┅┅┅┅┅═─╮ htt
221,AUD-20240102-WA0011.m4a,AUD-YYYYMMDD-WA,02/01/2024,YES,3951,03/01/2024,,31:17,,,رد الجواب على من طلب مني عدم طبع الكتاب,‏‌‏‌‏‌‏🔸 [ القراءة في كتاب #رد_الجواب_على_من_طلب_مني_عدم_طبع_الكتاب ] 🔸 للعلامة أحمد بن يحيى النجمي -رحمه الله- 🔹 الدرس الأول لفضيلة الشيخ حسن بن محمد منصور الدغريري حفظه الله 🎙للإستماع إلى الصوتية : https://t.me/daririhasan/3951 00:00 ـ──━━◉ 31:17 ا⇄ا ▷▷ I I ◁◁ ↻ رابط القناة على التلجرام⇙ ╭─═┅┅┅┅┅┅
222,AUD-20240118-WA0000.m4a,AUD-YYYYMMDD-WA,18/01/2024,YES,3997,18/01/2024,,42:01,,,رد الجواب على من طلب مني عدم طبع الكتاب,‏‌‏‌‏‌‏🔸 [ القراءة في كتاب #رد_الجواب_على_من_طلب_مني_عدم_طبع_الكتاب ] 🔸 للعلامة أحمد بن يحيى النجمي -رحمه الله- 🔹 الدرس الثاني لفضيلة الشيخ حسن بن محمد منصور الدغريري حفظه الله 🎙للإستماع إلى الصوتية : https://t.me/daririhasan/3997 00:00 ـ──━━◉ 42:01 ا⇄ا ▷▷ I I ◁◁ ↻ رابط القناة على التلجرام⇙ ╭─═┅┅┅┅┅
223,AUD-20240125-WA0001.m4a,AUD-YYYYMMDD-WA,25/01/2024,YES,4045,25/01/2024,,28:25,,,الرد الشرعي المعقول على المتصل المجهول,‏‌‏‌‏‌‏🔸 [ القراءة في كتاب #الرد_الشرعي_المعقول_على_المتصل_المجهول ] 🔸 للعلامة أحمد بن يحيى النجمي -رحمه الله- 🔹 الدرس الأول لفضيلة الشيخ حسن بن محمد منصور الدغريري حفظه الله 🎙للإستماع إلى الصوتية : https://t.me/daririhasan/4045 00:00 ـ──━━◉ 28:25 ا⇄ا ▷▷ I I ◁◁ ↻ رابط القناة على التلجرام⇙ ╭─═┅┅┅┅┅┅┅
224,AUD-20240206-WA0014.m4a,AUD-YYYYMMDD-WA,06/02/2024,YES,4125,07/02/2024,,42:26,,,الرد الشرعي المعقول على المتصل المجهول,‏‌‏‌‏‌‏🔸 [ القراءة في كتاب #الرد_الشرعي_المعقول_على_المتصل_المجهول ] 🔸 للعلامة أحمد بن يحيى النجمي -رحمه الله- 🔹 الدرس الثالث لفضيلة الشيخ حسن بن محمد منصور الدغريري حفظه الله 🎙للإستماع إلى الصوتية : https://t.me/daririhasan/4125 00:00 ـ──━━◉ 42:26 ا⇄ا ▷▷ I I ◁◁ ↻ رابط القناة على التلجرام⇙ ╭─═┅┅┅┅┅┅
225,AUD-20240221-WA0000.m4a,AUD-YYYYMMDD-WA,21/02/2024,YES,4182,22/02/2024,,27:16,,,الرد الشرعي المعقول على المتصل المجهول,‌‏‌‏‌‏‌‏🔸 [ القراءة في كتاب #الرد_الشرعي_المعقول_على_المتصل_المجهول ] 🔸 للعلامة أحمد بن يحيى النجمي -رحمه الله- 🔹 الدرس الرابع لفضيلة الشيخ حسن بن محمد منصور الدغريري حفظه الله 🎙للإستماع إلى الصوتية : https://t.me/daririhasan/4182 00:00 ـ──━━◉ 27:16 ا⇄ا ▷▷ I I ◁◁ ↻ رابط القناة على التلجرام⇙ ╭─═┅┅┅┅┅
226,AUD-20240410-WA0005-[AudioTrimmer.com].m4a,AUD-YYYYMMDD-WA,10/04/2024,YES,4294,10/04/2024,1445/10/01,12:27,خطبة عيد,,#جديد_الخطب,🔸[ #جديد_الخطب ]🔸 ❒ [ خطبة عيد الفطر لعام ١٤٤٥هـ ] ❒ 🔸 لفضيلة الشيخ : حسن بن محمد منصور الدغريري حفظه الله 🔸 ☑ ❲١ شوال ١٤٤٥هـ❳ 🎙للإستماع إلى الصوتية : https://t.me/daririhasan/4294 00:00 ـ──━━━━◉ 12:27 ا⇄ا ▷▷ I I ◁◁ ↻ رابط القناة على التلجرام⇙ ╭─═┅┅┅┅┅┅┅═─╮ https://t.me/daririhasan/4294 ╰─═┅┅┅┅┅┅┅═─
227,AUD-20240501-WA0000.m4a,AUD-YYYYMMDD-WA,01/05/2024,YES,4368,06/05/2024,,36:58,,,الرد الشرعي المعقول على المتصل المجهول,‌‏‌‏‌‏‌‏🔸 [ القراءة في كتاب #الرد_الشرعي_المعقول_على_المتصل_المجهول ] 🔸 للعلامة أحمد بن يحيى النجمي -رحمه الله- 🔹 الدرس الخامس لفضيلة الشيخ حسن بن محمد منصور الدغريري حفظه الله 🎙للإستماع إلى الصوتية : https://a.top4top.io/m_3048p1yll1.m4a 00:00 ـ──━━◉ 36:58 ا⇄ا ▷▷ I I ◁◁ ↻ رابط القناة على التلجرام⇙ 
228,AUD-20240508-WA0004.m4a,AUD-YYYYMMDD-WA,08/05/2024,YES,4382,08/05/2024,,51:18,,,الرد الشرعي المعقول على المتصل المجهول,‌‏‌‏‌‏‌‏🔸 [ القراءة في كتاب #الرد_الشرعي_المعقول_على_المتصل_المجهول ] 🔸 للعلامة أحمد بن يحيى النجمي -رحمه الله- 🔹 الدرس السادس لفضيلة الشيخ حسن بن محمد منصور الدغريري حفظه الله 🎙للإستماع إلى الصوتية : https://t.me/daririhasan/4382 00:00 ـ──━━◉ 51:18 ا⇄ا ▷▷ I I ◁◁ ↻ رابط القناة على التلجرام⇙ ╭─═┅┅┅┅┅
229,AUD-20240514-WA0001.m4a,AUD-YYYYMMDD-WA,14/05/2024,YES,4397,15/05/2024,,32:30,,,الرد الشرعي المعقول على المتصل المجهول,‌‏‌‏‌‏‌‏🔸 [ القراءة في كتاب #الرد_الشرعي_المعقول_على_المتصل_المجهول ] 🔸 للعلامة أحمد بن يحيى النجمي -رحمه الله- 🔹 الدرس السابع لفضيلة الشيخ حسن بن محمد منصور الدغريري حفظه الله 🎙للإستماع إلى الصوتية : https://t.me/daririhasan/4397 00:00 ـ──━━◉ 32:30 ا⇄ا ▷▷ I I ◁◁ ↻ رابط القناة على التلجرام⇙ ╭─═┅┅┅┅┅
230,AUD-20240524-WA0006.m4a,AUD-YYYYMMDD-WA,24/05/2024,YES,4429,24/05/2024,1445/11/15,34:01,,,أيات الحج,‏‌‏‌‌‏‌‏‌‌‏‌‏‌‏‌‏🔸 [ #أيات_الحج من تفسير العلامة بن سعدي ] لفضيلة الشيخ حسن بن محمد منصور الدغريري حفظه الله (( ١٥ ذي القعدة ١٤٤٥هـ )) 🎙للإستماع إلى الصوتية : https://t.me/daririhasan/4429 00:00 ـ──━━◉ 34:01 ا⇄ا ▷▷ I I ◁◁ ↻ رابط القناة على التلجرام⇙ ╭─═┅┅┅┅┅┅┅═─╮ https://t.me/daririhasan/4429 ╰─═┅┅┅
231,AUD-20240617-WA0006-[AudioTrimmer.com].m4a,AUD-YYYYMMDD-WA,17/06/2024,YES,4481,18/06/2024,1445/12/10,10:58,خطبة عيد,,#جديد_الخطب,🔸[ #جديد_الخطب ]🔸 ❒ [خطبة عيد الأضحى لعام ١٤٤٥هـ] ❒ 🔸 لفضيلة الشيخ : حسن بن محمد منصور الدغريري حفظه الله 🔸 ☑ ❲١٠ ذي الحجة ١٤٤٥هـ❳ 🎙للإستماع إلى الصوتية : https://t.me/daririhasan/4481 00:00 ـ──━━━━◉ 10:58 ا⇄ا ▷▷ I I ◁◁ ↻ رابط القناة على التلجرام⇙ ╭─═┅┅┅┅┅┅┅═─╮ https://t.me/daririhasan/4481 ╰─═┅┅┅┅┅
232,AUD-20240819-WA0002.m4a,AUD-YYYYMMDD-WA,19/08/2024,YES,4576,20/08/2024,,30:46,,,الأفنان الندية,‌‏‌‏‌‏‌‏‌‏🔸 [ القراءة والتعليق على كتاب #الأفنان_الندية شرح السبل السوية ] 🔸 تأليف العلامة زيد بن محمد المدخلي رحمه الله 🔹 الدرس الخامس والستون: من كتاب الجنائز 🔹 تابع لباب الزيارة المشروعة والتحذير من المبتدَعة لفضيلة الشيخ حسن بن محمد منصور الدغريري حفظه الله 🎙للإستماع إلى الصوتية : https://t.me/d
233,AUD-20240822-WA0001.m4a,AUD-YYYYMMDD-WA,22/08/2024,YES,4584,22/08/2024,,26:29,,,الرد الشرعي المعقول على المتصل المجهول,‏‌‏‌‏‌‏‌‏🔸 [ القراءة في كتاب #الرد_الشرعي_المعقول_على_المتصل_المجهول ] 🔸 للعلامة أحمد بن يحيى النجمي -رحمه الله- 🔹 الدرس الثامن لفضيلة الشيخ حسن بن محمد منصور الدغريري حفظه الله 🎙للإستماع إلى الصوتية : https://t.me/daririhasan/4584 00:00 ـ──━━◉ 26:29 ا⇄ا ▷▷ I I ◁◁ ↻ رابط القناة على التلجرام⇙ ╭─═┅┅┅┅
234,AUD-20240829-WA0001.m4a,AUD-YYYYMMDD-WA,29/08/2024,YES,4604,29/08/2024,,24:07,,,الرد الشرعي المعقول على المتصل المجهول,‏‌‏‌‏‌‏‌‏🔸 [ القراءة في كتاب #الرد_الشرعي_المعقول_على_المتصل_المجهول ] 🔸 للعلامة أحمد بن يحيى النجمي -رحمه الله- 🔹 الدرس التاسع لفضيلة الشيخ حسن بن محمد منصور الدغريري حفظه الله 🎙للإستماع إلى الصوتية : https://t.me/daririhasan/4604 00:00 ـ──━━◉ 24:07 ا⇄ا ▷▷ I I ◁◁ ↻ رابط القناة على التلجرام⇙ ╭─═┅┅┅┅
235,AUD-20240904-WA0009.m4a,AUD-YYYYMMDD-WA,04/09/2024,YES,4619,05/09/2024,,46:48,,,الرد الشرعي المعقول على المتصل المجهول,‏‌‏‌‏‌‏‌‏🔸 [ القراءة في كتاب #الرد_الشرعي_المعقول_على_المتصل_المجهول ] 🔸 للعلامة أحمد بن يحيى النجمي -رحمه الله- 🔹 الدرس العاشر لفضيلة الشيخ حسن بن محمد منصور الدغريري حفظه الله 🎙للإستماع إلى الصوتية : https://t.me/daririhasan/4619 00:00 ـ──━━◉ 46:48 ا⇄ا ▷▷ I I ◁◁ ↻ رابط القناة على التلجرام⇙ ╭─═┅┅┅┅
236,AUD-20240907-WA0001.m4a,AUD-YYYYMMDD-WA,07/09/2024,YES,4651,13/09/2024,,8:01,تفسير,,التفسير الميسر,‏‌‏‌‏‌‏‌‏🔸 [ القراءة في كتاب #التفسير_الميسر ] 🔸 إعداد نخبة من العلماء 🔹 الدرس الأول - تفسير سورة الأنفال لفضيلة الشيخ حسن بن محمد منصور الدغريري حفظه الله 🎙للإستماع إلى الصوتية : https://t.me/daririhasan/4651 00:00 ـ──━━◉ 8:01 ا⇄ا ▷▷ I I ◁◁ ↻ رابط القناة على التلجرام⇙ ╭─═┅┅┅┅┅┅┅═─╮ https://t.me/dar
237,AUD-20240912-WA0000.m4a,AUD-YYYYMMDD-WA,12/09/2024,YES,4649,12/09/2024,,32:22,,,الرد الشرعي المعقول على المتصل المجهول,‏‌‏‌‏‌‏‌‏🔸 [ القراءة في كتاب #الرد_الشرعي_المعقول_على_المتصل_المجهول ] 🔸 للعلامة أحمد بن يحيى النجمي -رحمه الله- 🔹 الدرس الحادي عشر لفضيلة الشيخ حسن بن محمد منصور الدغريري حفظه الله 🎙للإستماع إلى الصوتية : https://t.me/daririhasan/4649 00:00 ـ──━━◉ 32:22 ا⇄ا ▷▷ I I ◁◁ ↻ رابط القناة على التلجرام⇙ ╭─═
238,AUD-20240918-WA0001.m4a,AUD-YYYYMMDD-WA,18/09/2024,YES,4665,19/09/2024,,25:36,,,الرد الشرعي المعقول على المتصل المجهول,‏‌‏‌‏‌‏‌‏🔸 [ القراءة في كتاب #الرد_الشرعي_المعقول_على_المتصل_المجهول ] 🔸 للعلامة أحمد بن يحيى النجمي -رحمه الله- 🔹 الدرس الثاني عشر والأخير لفضيلة الشيخ حسن بن محمد منصور الدغريري حفظه الله 🎙للإستماع إلى الصوتية : https://t.me/daririhasan/4665 00:00 ـ──━━◉ 25:36 ا⇄ا ▷▷ I I ◁◁ ↻ رابط القناة على التلج
239,AUD-20240921-WA0002.m4a,AUD-YYYYMMDD-WA,21/09/2024,YES,4673,22/09/2024,,8:37,تفسير,,التفسير الميسر,‏‌‏‌‏‌‏‌‏🔸 [ القراءة في كتاب #التفسير_الميسر ] 🔸 إعداد نخبة من العلماء 🔹 الدرس الثاني - تفسير سورة الأنفال لفضيلة الشيخ حسن بن محمد منصور الدغريري حفظه الله 🎙للإستماع إلى الصوتية : https://t.me/daririhasan/4673 00:00 ـ──━━◉ 8:37 ا⇄ا ▷▷ I I ◁◁ ↻ رابط القناة على التلجرام⇙ ╭─═┅┅┅┅┅┅┅═─╮ https://t.me/da
240,AUD-20240924-WA0000.m4a,AUD-YYYYMMDD-WA,24/09/2024,YES,4678,24/09/2024,,,,,جديد الدروس,📌 #جديد_الدروس : 📕 الدرس ① : #التعليق_على_القول_السديد_شرح_كتاب_التوحيد للعلامة عبد الرحمن بن ناصر السعدي رحمه الله 🎧 للشيخ الفاضل: #حسن_بن_محمد_منصور_الدغريري حفظه الله 📲 رابط التحميل والاستماع : 🔗 https://t.me/daririhasan/4678 📤 رابط القناة على التلجرام👇 🖇 https://t.me/daririhasan/4678 📥 رابط القن
241,AUD-20241011-WA0005.m4a,AUD-YYYYMMDD-WA,11/10/2024,YES,4718,11/10/2024,,5:26,تفسير,,التفسير الميسر,‏‌‏‌‏‌‏‌‏🔸 [ القراءة في كتاب #التفسير_الميسر ] 🔸 إعداد نخبة من العلماء 🔹 الدرس الثالث - تفسير سورة الأنفال لفضيلة الشيخ حسن بن محمد منصور الدغريري حفظه الله 🎙للإستماع إلى الصوتية : https://t.me/daririhasan/4718 00:00 ـ──━━◉ 5:26 ا⇄ا ▷▷ I I ◁◁ ↻ رابط القناة على التلجرام⇙ ╭─═┅┅┅┅┅┅┅═─╮ https://t.me/da
242,AUD-20241012-WA0030.m4a,AUD-YYYYMMDD-WA,12/10/2024,YES,4737,13/10/2024,,5:15,تفسير,,التفسير الميسر,‏‌‏‌‏‌‏‌‏🔸 [ القراءة في كتاب #التفسير_الميسر ] 🔸 إعداد نخبة من العلماء 🔹 الدرس الرابع - تفسير سورة الأنفال لفضيلة الشيخ حسن بن محمد منصور الدغريري حفظه الله 🎙للإستماع إلى الصوتية : https://t.me/daririhasan/4737 00:00 ـ──━━◉ 5:15 ا⇄ا ▷▷ I I ◁◁ ↻ رابط القناة على التلجرام⇙ ╭─═┅┅┅┅┅┅┅═─╮ https://t.me/da
243,AUD-20241020-WA0003.m4a,AUD-YYYYMMDD-WA,20/10/2024,YES,4773,21/10/2024,,5:15,تفسير,,التفسير الميسر,‏‌‏‌‏‌‏‌‏🔸 [ القراءة في كتاب #التفسير_الميسر ] 🔸 إعداد نخبة من العلماء 🔹 الدرس الخامس - تفسير سورة الأنفال لفضيلة الشيخ حسن بن محمد منصور الدغريري حفظه الله 🎙للإستماع إلى الصوتية : https://t.me/daririhasan/4773 00:00 ـ──━━◉ 5:15 ا⇄ا ▷▷ I I ◁◁ ↻ رابط القناة على التلجرام⇙ ╭─═┅┅┅┅┅┅┅═─╮ https://t.me/da
244,AUD-20241030-WA0012.m4a,AUD-YYYYMMDD-WA,30/10/2024,YES,4795,30/10/2024,,4:50,تفسير,,التفسير الميسر,‏‌‏‌‏‌‏‌‏🔸 [ القراءة في كتاب #التفسير_الميسر ] 🔸 إعداد نخبة من العلماء 🔹 الدرس السادس - تفسير سورة الأنفال لفضيلة الشيخ حسن بن محمد منصور الدغريري حفظه الله 🎙للإستماع إلى الصوتية : https://t.me/daririhasan/4795 00:00 ـ──━━◉ 4:50 ا⇄ا ▷▷ I I ◁◁ ↻ رابط القناة على التلجرام⇙ ╭─═┅┅┅┅┅┅┅═─╮ https://t.me/da
245,AUD-20241104-WA0002.m4a,AUD-YYYYMMDD-WA,04/11/2024,YES,4819,09/11/2024,,7:56,تفسير,,التفسير الميسر,‏‌‏‌‏‌‏‌‏🔸 [ القراءة في كتاب #التفسير_الميسر ] 🔸 إعداد نخبة من العلماء 🔹 الدرس السابع - تفسير سورة الأنفال لفضيلة الشيخ حسن بن محمد منصور الدغريري حفظه الله 🎙للإستماع إلى الصوتية : https://t.me/daririhasan/4819 00:00 ـ──━━◉ 7:56 ا⇄ا ▷▷ I I ◁◁ ↻ رابط القناة على التلجرام⇙ ╭─═┅┅┅┅┅┅┅═─╮ https://t.me/da
246,AUD-20241122-WA0002.m4a,AUD-YYYYMMDD-WA,22/11/2024,YES,4848,22/11/2024,,6:40,تفسير,,التفسير الميسر,‏‌‏‌‏‌‏‌‏🔸 [ القراءة في كتاب #التفسير_الميسر ] 🔸 إعداد نخبة من العلماء 🔹 الدرس الثامن - تفسير سورة الأنفال لفضيلة الشيخ حسن بن محمد منصور الدغريري حفظه الله 🎙للإستماع إلى الصوتية : https://t.me/daririhasan/4848 00:00 ـ──━━◉ 6:40 ا⇄ا ▷▷ I I ◁◁ ↻ رابط القناة على التلجرام⇙ ╭─═┅┅┅┅┅┅┅═─╮ https://t.me/da
247,AUD-20241123-WA0002.m4a,AUD-YYYYMMDD-WA,23/11/2024,YES,4855,23/11/2024,,6:21,تفسير,,التفسير الميسر,‏‌‏‌‏‌‏‌‏🔸 [ القراءة في كتاب #التفسير_الميسر ] 🔸 إعداد نخبة من العلماء 🔹 الدرس التاسع والأخير - تفسير سورة الأنفال لفضيلة الشيخ حسن بن محمد منصور الدغريري حفظه الله 🎙للإستماع إلى الصوتية : https://t.me/daririhasan/4855 00:00 ـ──━━◉ 6:21 ا⇄ا ▷▷ I I ◁◁ ↻ رابط القناة على التلجرام⇙ ╭─═┅┅┅┅┅┅┅═─╮ https:/
248,AUD-20241207-WA0002.m4a,AUD-YYYYMMDD-WA,07/12/2024,YES,4945,10/12/2024,,4:39,تفسير,,التفسير الميسر,‏‌‏‌‏‌‏‌‏🔸 [ القراءة في كتاب #التفسير_الميسر ] 🔸 إعداد نخبة من العلماء 🔹 الدرس الأول - تفسير سورة التوبة لفضيلة الشيخ حسن بن محمد منصور الدغريري حفظه الله 🎙للإستماع إلى الصوتية : https://t.me/daririhasan/4945 00:00 ـ──━━◉ 4:39 ا⇄ا ▷▷ I I ◁◁ ↻ رابط القناة على التلجرام⇙ ╭─═┅┅┅┅┅┅┅═─╮ https://t.me/dari
249,AUD-20241211-WA0003.m4a,AUD-YYYYMMDD-WA,11/12/2024,YES,4950,11/12/2024,,9:38,,,الملخص في شرح,‏‌‏‌‏‌‏‌‏🔸 [ القراءة في كتاب #الملخص_في_شرح #كتاب_التوحيد للإمام محمد بن عبد الوهاب] 🔸 للعلامة صالح الفوزان -حفظه الله- 🔹 الدرس الأول لفضيلة الشيخ حسن بن محمد منصور الدغريري حفظه الله 🎙للإستماع إلى الصوتية : https://t.me/daririhasan/4950 00:00 ـ──━━◉ 9:38 ا⇄ا ▷▷ I I ◁◁ ↻ رابط القناة على التلجرام⇙ ╭─
250,AUD-20241216-WA0007.m4a,AUD-YYYYMMDD-WA,16/12/2024,YES,4978,16/12/2024,,6:33,,,الملخص في شرح,‏‌‏‌‏‌‏‌‏🔸 [ القراءة في كتاب #الملخص_في_شرح #كتاب_التوحيد للإمام محمد بن عبد الوهاب] 🔸 للعلامة صالح الفوزان -حفظه الله- 🔹 الدرس الثاني لفضيلة الشيخ حسن بن محمد منصور الدغريري حفظه الله 🎙للإستماع إلى الصوتية : https://t.me/daririhasan/4978 00:00 ـ──━━◉ 6:33 ا⇄ا ▷▷ I I ◁◁ ↻ رابط القناة على التلجرام⇙ ╭
251,AUD-20241218-WA0003.m4a,AUD-YYYYMMDD-WA,18/12/2024,YES,4985,23/12/2024,,4:12,,,الملخص في شرح,‏‌‏‌‏‌‏‌‏🔸 [ القراءة في كتاب #الملخص_في_شرح #كتاب_التوحيد للإمام محمد بن عبد الوهاب] 🔸 للعلامة صالح الفوزان -حفظه الله- 🔹 الدرس الثالث لفضيلة الشيخ حسن بن محمد منصور الدغريري حفظه الله 🎙للإستماع إلى الصوتية : https://t.me/daririhasan/4985 00:00 ـ──━━◉ 4:12 ا⇄ا ▷▷ I I ◁◁ ↻ رابط القناة على التلجرام⇙ ╭
252,AUD-20241223-WA0022.m4a,AUD-YYYYMMDD-WA,23/12/2024,YES,4991,23/12/2024,,5:07,تفسير,,التفسير الميسر,‏‌‏‌‏‌‏‌‏🔸 [ القراءة في كتاب #التفسير_الميسر ] 🔸 إعداد نخبة من العلماء 🔹 الدرس الثاني - تفسير سورة التوبة لفضيلة الشيخ حسن بن محمد منصور الدغريري حفظه الله 🎙للإستماع إلى الصوتية : https://t.me/daririhasan/4991 00:00 ـ──━━◉ 5:07 ا⇄ا ▷▷ I I ◁◁ ↻ رابط القناة على التلجرام⇙ ╭─═┅┅┅┅┅┅┅═─╮ https://t.me/dar
253,AUD-20241223-WA0026.m4a,AUD-YYYYMMDD-WA,23/12/2024,YES,5000,23/12/2024,,3:56,,,الملخص في شرح,‏‌‏‌‏‌‏‌‏🔸 [ القراءة في كتاب #الملخص_في_شرح #كتاب_التوحيد للإمام محمد بن عبد الوهاب] 🔸 للعلامة صالح الفوزان -حفظه الله- 🔹 الدرس الرابع لفضيلة الشيخ حسن بن محمد منصور الدغريري حفظه الله 🎙للإستماع إلى الصوتية : https://t.me/daririhasan/5000 00:00 ـ──━━◉ 3:56 ا⇄ا ▷▷ I I ◁◁ ↻ رابط القناة على التلجرام⇙ ╭
254,AUD-20241225-WA0011.m4a,AUD-YYYYMMDD-WA,25/12/2024,YES,5010,25/12/2024,,5:12,,,الملخص في شرح,‏‌‏‌‏‌‏‌‏🔸 [ القراءة في كتاب #الملخص_في_شرح #كتاب_التوحيد للإمام محمد بن عبد الوهاب] 🔸 للعلامة صالح الفوزان -حفظه الله- 🔹 الدرس الخامس لفضيلة الشيخ حسن بن محمد منصور الدغريري حفظه الله 🎙للإستماع إلى الصوتية : https://t.me/daririhasan/5010 00:00 ـ──━━◉ 5:12 ا⇄ا ▷▷ I I ◁◁ ↻ رابط القناة على التلجرام⇙ ╭
255,AUD-20241228-WA0001.m4a,AUD-YYYYMMDD-WA,28/12/2024,YES,5026,30/12/2024,,3:57,تفسير,,التفسير الميسر,‏‌‏‌‏‌‏‌‏🔸 [ القراءة في كتاب #التفسير_الميسر ] 🔸 إعداد نخبة من العلماء 🔹 الدرس الثالث - تفسير سورة التوبة لفضيلة الشيخ حسن بن محمد منصور الدغريري حفظه الله 🎙للإستماع إلى الصوتية : https://t.me/daririhasan/5026 00:00 ـ──━━◉ 3:57 ا⇄ا ▷▷ I I ◁◁ ↻ رابط القناة على التلجرام⇙ ╭─═┅┅┅┅┅┅┅═─╮ https://t.me/dar
256,AUD-20250102-WA0000.m4a,AUD-YYYYMMDD-WA,02/01/2025,YES,5047,02/01/2025,,5:31,,,الملخص في شرح,‏‌‏‌‏‌‏‌‏🔸 [ القراءة في كتاب #الملخص_في_شرح #كتاب_التوحيد للإمام محمد بن عبد الوهاب] 🔸 للعلامة صالح الفوزان -حفظه الله- 🔹 الدرس السادس لفضيلة الشيخ حسن بن محمد منصور الدغريري حفظه الله 🎙للإستماع إلى الصوتية : https://t.me/daririhasan/5047 00:00 ـ──━━◉ 5:31 ا⇄ا ▷▷ I I ◁◁ ↻ رابط القناة على التلجرام⇙ ╭
257,AUD-20250108-WA0028.m4a,AUD-YYYYMMDD-WA,08/01/2025,YES,5059,08/01/2025,,4:03,تفسير,,التفسير الميسر,‏‌‏‌‏‌‏‌‏🔸 [ القراءة في كتاب #التفسير_الميسر ] 🔸 إعداد نخبة من العلماء 🔹 الدرس الرابع - تفسير سورة التوبة لفضيلة الشيخ حسن بن محمد منصور الدغريري حفظه الله 🎙للإستماع إلى الصوتية : https://t.me/daririhasan/5059 00:00 ـ──━━◉ 4:03 ا⇄ا ▷▷ I I ◁◁ ↻ رابط القناة على التلجرام⇙ ╭─═┅┅┅┅┅┅┅═─╮ https://t.me/dar
258,AUD-20250108-WA0030.m4a,AUD-YYYYMMDD-WA,08/01/2025,YES,5063,08/01/2025,,6:44,,,الملخص في شرح,‏‌‏‌‏‌‏‌‏🔸 [ القراءة في كتاب #الملخص_في_شرح #كتاب_التوحيد للإمام محمد بن عبد الوهاب] 🔸 للعلامة صالح الفوزان -حفظه الله- 🔹 الدرس السابع لفضيلة الشيخ حسن بن محمد منصور الدغريري حفظه الله 🎙للإستماع إلى الصوتية : https://t.me/daririhasan/5063 00:00 ـ──━━◉ 6:44 ا⇄ا ▷▷ I I ◁◁ ↻ رابط القناة على التلجرام⇙ ╭
259,AUD-20250113-WA0001.m4a,AUD-YYYYMMDD-WA,13/01/2025,YES,5089,19/01/2025,,5:02,,,الملخص في شرح,‏‌‏‌‏‌‏‌‏🔸 [ القراءة في كتاب #الملخص_في_شرح #كتاب_التوحيد للإمام محمد بن عبد الوهاب] 🔸 للعلامة صالح الفوزان -حفظه الله- 🔹 الدرس الثامن لفضيلة الشيخ حسن بن محمد منصور الدغريري حفظه الله 🎙للإستماع إلى الصوتية : https://t.me/daririhasan/5089 00:00 ـ──━━◉ 5:02 ا⇄ا ▷▷ I I ◁◁ ↻ رابط القناة على التلجرام⇙ ╭
260,AUD-20250126-WA0002.m4a,AUD-YYYYMMDD-WA,26/01/2025,YES,5105,26/01/2025,,10:17,,,الملخص في شرح,‏‌‏‌‏‌‏‌‏🔸 [ القراءة في كتاب #الملخص_في_شرح #كتاب_التوحيد للإمام محمد بن عبد الوهاب] 🔸 للعلامة صالح الفوزان -حفظه الله- 🔹 الدرس التاسع لفضيلة الشيخ حسن بن محمد منصور الدغريري حفظه الله 🎙للإستماع إلى الصوتية : https://t.me/daririhasan/5105 00:00 ـ──━━◉ 10:17 ا⇄ا ▷▷ I I ◁◁ ↻ رابط القناة على التلجرام⇙ 
261,AUD-20250126-WA0004.m4a,AUD-YYYYMMDD-WA,26/01/2025,YES,5109,26/01/2025,,5:05,,,الملخص في شرح,‏‌‏‌‏‌‏‌‏🔸 [ القراءة في كتاب #الملخص_في_شرح #كتاب_التوحيد للإمام محمد بن عبد الوهاب] 🔸 للعلامة صالح الفوزان -حفظه الله- 🔹 الدرس العاشر لفضيلة الشيخ حسن بن محمد منصور الدغريري حفظه الله 🎙للإستماع إلى الصوتية : https://t.me/daririhasan/5109 00:00 ـ──━━◉ 5:05 ا⇄ا ▷▷ I I ◁◁ ↻ رابط القناة على التلجرام⇙ ╭
262,AUD-20250126-WA0006.m4a,AUD-YYYYMMDD-WA,26/01/2025,YES,5113,26/01/2025,,3:34,تفسير,,التفسير الميسر,‏‌‏‌‏‌‏‌‏🔸 [ القراءة في كتاب #التفسير_الميسر ] 🔸 إعداد نخبة من العلماء 🔹 الدرس الخامس - تفسير سورة التوبة لفضيلة الشيخ حسن بن محمد منصور الدغريري حفظه الله 🎙للإستماع إلى الصوتية : https://t.me/daririhasan/5113 00:00 ـ──━━◉ 3:34 ا⇄ا ▷▷ I I ◁◁ ↻ رابط القناة على التلجرام⇙ ╭─═┅┅┅┅┅┅┅═─╮ https://t.me/dar
263,AUD-20250126-WA0007.m4a,AUD-YYYYMMDD-WA,26/01/2025,YES,5115,26/01/2025,,3:56,تفسير,,التفسير الميسر,‏‌‏‌‏‌‏‌‏🔸 [ القراءة في كتاب #التفسير_الميسر ] 🔸 إعداد نخبة من العلماء 🔹 الدرس السادس - تفسير سورة التوبة لفضيلة الشيخ حسن بن محمد منصور الدغريري حفظه الله 🎙للإستماع إلى الصوتية : https://t.me/daririhasan/5115 00:00 ـ──━━◉ 3:56 ا⇄ا ▷▷ I I ◁◁ ↻ رابط القناة على التلجرام⇙ ╭─═┅┅┅┅┅┅┅═─╮ https://t.me/dar
264,AUD-20250202-WA0000.m4a,AUD-YYYYMMDD-WA,02/02/2025,YES,5130,03/02/2025,,5:41,تفسير,,التفسير الميسر,‏‌‏‌‏‌‏‌‏🔸 [ القراءة في كتاب #التفسير_الميسر ] 🔸 إعداد نخبة من العلماء 🔹 الدرس السابع - تفسير سورة التوبة لفضيلة الشيخ حسن بن محمد منصور الدغريري حفظه الله 🎙للإستماع إلى الصوتية : https://t.me/daririhasan/5130 00:00 ـ──━━◉ 5:41 ا⇄ا ▷▷ I I ◁◁ ↻ رابط القناة على التلجرام⇙ ╭─═┅┅┅┅┅┅┅═─╮ https://t.me/dar
265,AUD-20250210-WA0000.m4a,AUD-YYYYMMDD-WA,10/02/2025,YES,5152,11/02/2025,,15:59,,,شرح رياض الصالحين,‏‌‏‌‏‌‏‌‏🔸 [ القراءة في كتاب #شرح_رياض_الصالحين للإمام ابن باز -رحمه الله-] 🔹 الدرس الأول لفضيلة الشيخ حسن بن محمد منصور الدغريري حفظه الله 🎙للإستماع إلى الصوتية : https://t.me/daririhasan/5152 00:00 ـ──━━◉ 15:59 ا⇄ا ▷▷ I I ◁◁ ↻ رابط القناة على التلجرام⇙ ╭─═┅┅┅┅┅┅┅═─╮ https://t.me/daririhasan/5152 ╰
266,AUD-20250210-WA0001.m4a,AUD-YYYYMMDD-WA,10/02/2025,YES,5150,11/02/2025,,5:21,,,الملخص في شرح,‏‌‏‌‏‌‏‌‏🔸 [ القراءة في كتاب #الملخص_في_شرح #كتاب_التوحيد للإمام محمد بن عبد الوهاب] 🔸 للعلامة صالح الفوزان -حفظه الله- 🔹 الدرس الحادي عشر لفضيلة الشيخ حسن بن محمد منصور الدغريري حفظه الله 🎙للإستماع إلى الصوتية : https://t.me/daririhasan/5150 00:00 ـ──━━◉ 5:21 ا⇄ا ▷▷ I I ◁◁ ↻ رابط القناة على التلجرا
267,AUD-20250217-WA0027.m4a,AUD-YYYYMMDD-WA,17/02/2025,YES,5156,18/02/2025,,5:29,,,الملخص في شرح,‏‌‏‌‏‌‏‌‏🔸 [ القراءة في كتاب #الملخص_في_شرح #كتاب_التوحيد للإمام محمد بن عبد الوهاب] 🔸 للعلامة صالح الفوزان -حفظه الله- 🔹 الدرس الثاني عشر لفضيلة الشيخ حسن بن محمد منصور الدغريري حفظه الله 🎙للإستماع إلى الصوتية : https://t.me/daririhasan/5156 00:00 ـ──━━◉ 5:29 ا⇄ا ▷▷ I I ◁◁ ↻ رابط القناة على التلجرا
268,AUD-20250218-WA0001.m4a,AUD-YYYYMMDD-WA,18/02/2025,YES,5166,18/02/2025,,8:20,تفسير,,التفسير الميسر,‏‌‏‌‏‌‏‌‏🔸 [ القراءة في كتاب #التفسير_الميسر ] 🔸 إعداد نخبة من العلماء 🔹 الدرس الثامن - تفسير سورة التوبة لفضيلة الشيخ حسن بن محمد منصور الدغريري حفظه الله 🎙للإستماع إلى الصوتية : https://t.me/daririhasan/5166 00:00 ـ──━━◉ 8:20 ا⇄ا ▷▷ I I ◁◁ ↻ رابط القناة على التلجرام⇙ ╭─═┅┅┅┅┅┅┅═─╮ https://t.me/dar
269,AUD-20250225-WA0001.m4a,AUD-YYYYMMDD-WA,25/02/2025,YES,5190,26/02/2025,,4:43,تفسير,,التفسير الميسر,‏‌‏‌‏‌‏‌‏🔸 [ القراءة في كتاب #التفسير_الميسر ] 🔸 إعداد نخبة من العلماء 🔹 الدرس التاسع - تفسير سورة التوبة لفضيلة الشيخ حسن بن محمد منصور الدغريري حفظه الله 🎙للإستماع إلى الصوتية : https://t.me/daririhasan/5190 00:00 ـ──━━◉ 4:43 ا⇄ا ▷▷ I I ◁◁ ↻ رابط القناة على التلجرام⇙ ╭─═┅┅┅┅┅┅┅═─╮ https://t.me/dar
270,AUD-20250330-WA0033-[AudioTrimmer.com].m4a,AUD-YYYYMMDD-WA,30/03/2025,YES,5289,30/03/2025,1446/10/01,11:46,خطبة عيد,,#جديد_الخطب,🔸[ #جديد_الخطب ]🔸 ❒ [خطبة عيد الفطر لعام ١٤٤٦هـ] ❒ 🔸 لفضيلة الشيخ : حسن بن محمد منصور الدغريري حفظه الله 🔸 ☑ ❲١ شوال ١٤٤٦هـ❳ 🎙للإستماع إلى الصوتية : https://e.top4top.io/m_3376rz8m71.m4a 00:00 ـ──━━━━◉ 11:46 ا⇄ا ▷▷ I I ◁◁ ↻ رابط القناة على التلجرام⇙ ╭─═┅┅┅┅┅┅┅═─╮ https://t.me/daririhasan/5289 ╰─═┅┅┅
271,AUD-20250421-WA0000.m4a,AUD-YYYYMMDD-WA,21/04/2025,YES,5343,21/04/2025,,3:13,تفسير,,التفسير الميسر,‌‏‌‏‌‏‌‏‌‏🔸 [ القراءة في كتاب #التفسير_الميسر ] 🔸 إعداد نخبة من العلماء 🔹 الدرس العاشر - تفسير سورة التوبة لفضيلة الشيخ حسن بن محمد منصور الدغريري حفظه الله 🎙للإستماع إلى الصوتية : https://t.me/daririhasan/5343 00:00 ـ──━━◉ 3:13 ا⇄ا ▷▷ I I ◁◁ ↻ رابط القناة على التلجرام⇙ ╭─═┅┅┅┅┅┅┅═─╮ https://t.me/da
272,AUD-20250424-WA0002.m4a,AUD-YYYYMMDD-WA,24/04/2025,YES,5352,26/04/2025,,6:52,,,الملخص في شرح,‏‌‏‌‏‌‏‌‏🔸 [ القراءة في كتاب #الملخص_في_شرح #كتاب_التوحيد للإمام محمد بن عبد الوهاب] 🔸 للعلامة صالح الفوزان -حفظه الله- 🔹 الدرس الثالث عشر لفضيلة الشيخ حسن بن محمد منصور الدغريري حفظه الله 🎙للإستماع إلى الصوتية : https://t.me/daririhasan/5352 00:00 ـ──━━◉ 6:52 ا⇄ا ▷▷ I I ◁◁ ↻ رابط القناة على التلجرا
273,AUD-20250426-WA0002.m4a,AUD-YYYYMMDD-WA,26/04/2025,YES,5361,26/04/2025,,5:23,تفسير,,التفسير الميسر,‌‏‌‏‌‏‌‏‌‏🔸 [ القراءة في كتاب #التفسير_الميسر ] 🔸 إعداد نخبة من العلماء 🔹 الدرس الحادي عشر - تفسير سورة التوبة لفضيلة الشيخ حسن بن محمد منصور الدغريري حفظه الله 🎙للإستماع إلى الصوتية : https://t.me/daririhasan/5361 00:00 ـ──━━◉ 5:23 ا⇄ا ▷▷ I I ◁◁ ↻ رابط القناة على التلجرام⇙ ╭─═┅┅┅┅┅┅┅═─╮ https://t.m
274,AUD-20250430-WA0004.m4a,AUD-YYYYMMDD-WA,30/04/2025,YES,5364,30/04/2025,,5:12,,,الملخص في شرح,‏‌‏‌‏‌‏‌‏🔸 [ القراءة في كتاب #الملخص_في_شرح #كتاب_التوحيد للإمام محمد بن عبد الوهاب] 🔸 للعلامة صالح الفوزان -حفظه الله- 🔹 الدرس الرابع عشر لفضيلة الشيخ حسن بن محمد منصور الدغريري حفظه الله 🎙للإستماع إلى الصوتية : https://t.me/daririhasan/5364 00:00 ـ──━━◉ 5:12 ا⇄ا ▷▷ I I ◁◁ ↻ رابط القناة على التلجرا
275,AUD-20250501-WA0001.m4a,AUD-YYYYMMDD-WA,01/05/2025,YES,5369,02/05/2025,,6:36,,,الملخص في شرح,‏‌‏‌‏‌‏‌‏🔸 [ القراءة في كتاب #الملخص_في_شرح #كتاب_التوحيد للإمام محمد بن عبد الوهاب] 🔸 للعلامة صالح الفوزان -حفظه الله- 🔹 الدرس الخامس عشر لفضيلة الشيخ حسن بن محمد منصور الدغريري حفظه الله 🎙للإستماع إلى الصوتية : https://t.me/daririhasan/5369 00:00 ـ──━━◉ 6:36 ا⇄ا ▷▷ I I ◁◁ ↻ رابط القناة على التلجرا
276,AUD-20250503-WA0011.m4a,AUD-YYYYMMDD-WA,03/05/2025,YES,5376,05/05/2025,,4:24,,,الملخص في شرح,‏‌‏‌‏‌‏‌‏🔸 [ القراءة في كتاب #الملخص_في_شرح #كتاب_التوحيد للإمام محمد بن عبد الوهاب] 🔸 للعلامة صالح الفوزان -حفظه الله- 🔹 الدرس السادس عشر لفضيلة الشيخ حسن بن محمد منصور الدغريري حفظه الله 🎙للإستماع إلى الصوتية : https://t.me/daririhasan/5376 00:00 ـ──━━◉ 4:24 ا⇄ا ▷▷ I I ◁◁ ↻ رابط القناة على التلجرا
277,AUD-20250505-WA0001.m4a,AUD-YYYYMMDD-WA,05/05/2025,YES,5378,05/05/2025,,5:26,,,الملخص في شرح,‏‌‏‌‏‌‏‌‏🔸 [ القراءة في كتاب #الملخص_في_شرح #كتاب_التوحيد للإمام محمد بن عبد الوهاب] 🔸 للعلامة صالح الفوزان -حفظه الله- 🔹 الدرس السابع عشر لفضيلة الشيخ حسن بن محمد منصور الدغريري حفظه الله 🎙للإستماع إلى الصوتية : https://t.me/daririhasan/5378 00:00 ـ──━━◉ 5:26 ا⇄ا ▷▷ I I ◁◁ ↻ رابط القناة على التلجرا
278,AUD-20250514-WA0002.m4a,AUD-YYYYMMDD-WA,14/05/2025,YES,5402,14/05/2025,,5:57,,,الملخص في شرح,‏‌‏‌‏‌‏‌‏🔸 [ القراءة في كتاب #الملخص_في_شرح #كتاب_التوحيد للإمام محمد بن عبد الوهاب] 🔸 للعلامة صالح الفوزان -حفظه الله- 🔹 الدرس الثامن عشر لفضيلة الشيخ حسن بن محمد منصور الدغريري حفظه الله 🎙للإستماع إلى الصوتية : https://t.me/daririhasan/5402 00:00 ـ──━━◉ 5:57 ا⇄ا ▷▷ I I ◁◁ ↻ رابط القناة على التلجرا
279,AUD-20250524-WA0007.m4a,AUD-YYYYMMDD-WA,24/05/2025,YES,5426,26/05/2025,,5:41,تفسير,,التفسير الميسر,‌‏‌‏‌‏‌‏‌‏🔸 [ القراءة في كتاب #التفسير_الميسر ] 🔸 إعداد نخبة من العلماء 🔹 الدرس الثاني عشر - تفسير سورة التوبة لفضيلة الشيخ حسن بن محمد منصور الدغريري حفظه الله 🎙للإستماع إلى الصوتية : https://t.me/daririhasan/5426 00:00 ـ──━━◉ 5:41 ا⇄ا ▷▷ I I ◁◁ ↻ رابط القناة على التلجرام⇙ ╭─═┅┅┅┅┅┅┅═─╮ https://t.m
280,AUD-20250526-WA0009.m4a,AUD-YYYYMMDD-WA,26/05/2025,YES,5460,08/06/2025,,6:26,,,الملخص في شرح,‏‌‏‌‏‌‏‌‏🔸 [ القراءة في كتاب #الملخص_في_شرح #كتاب_التوحيد للإمام محمد بن عبد الوهاب] 🔸 للعلامة صالح الفوزان -حفظه الله- 🔹 الدرس التاسع عشر لفضيلة الشيخ حسن بن محمد منصور الدغريري حفظه الله 🎙للإستماع إلى الصوتية : https://t.me/daririhasan/5460 00:00 ـ──━━◉ 6:26 ا⇄ا ▷▷ I I ◁◁ ↻ رابط القناة على التلجرا
281,AUD-20250604-WA0003.m4a,AUD-YYYYMMDD-WA,04/06/2025,YES,5462,08/06/2025,,6:24,,,الملخص في شرح,‏‌‏‌‏‌‏‌‏🔸 [ القراءة في كتاب #الملخص_في_شرح #كتاب_التوحيد للإمام محمد بن عبد الوهاب] 🔸 للعلامة صالح الفوزان -حفظه الله- 🔹 الدرس العشرون لفضيلة الشيخ حسن بن محمد منصور الدغريري حفظه الله 🎙للإستماع إلى الصوتية : https://t.me/daririhasan/5462 00:00 ـ──━━◉ 6:24 ا⇄ا ▷▷ I I ◁◁ ↻ رابط القناة على التلجرام⇙ 
282,AUD-20250612-WA0000.m4a,AUD-YYYYMMDD-WA,12/06/2025,YES,5469,12/06/2025,,7:16,,,الملخص في شرح,‏‌‏‌‏‌‏‌‏🔸 [ القراءة في كتاب #الملخص_في_شرح #كتاب_التوحيد للإمام محمد بن عبد الوهاب] 🔸 للعلامة صالح الفوزان -حفظه الله- 🔹 الدرس الحادي والعشرون لفضيلة الشيخ حسن بن محمد منصور الدغريري حفظه الله 🎙للإستماع إلى الصوتية : https://t.me/daririhasan/5469 00:00 ـ──━━◉ 7:16 ا⇄ا ▷▷ I I ◁◁ ↻ رابط القناة على ال
283,AUD-20250614-WA0004.m4a,AUD-YYYYMMDD-WA,14/06/2025,YES,5474,15/06/2025,,4:41,تفسير,,التفسير الميسر,‌‏‌‏‌‏‌‏‌‏🔸 [ القراءة في كتاب #التفسير_الميسر ] 🔸 إعداد نخبة من العلماء 🔹 الدرس الثالث عشر - تفسير سورة التوبة لفضيلة الشيخ حسن بن محمد منصور الدغريري حفظه الله 🎙للإستماع إلى الصوتية : https://t.me/daririhasan/5474 00:00 ـ──━━◉ 4:41 ا⇄ا ▷▷ I I ◁◁ ↻ رابط القناة على التلجرام⇙ ╭─═┅┅┅┅┅┅┅═─╮ https://t.m
284,AUD-20250618-WA0004.m4a,AUD-YYYYMMDD-WA,18/06/2025,YES,5488,18/06/2025,,5:10,,,الملخص في شرح,‏‌‏‌‏‌‏‌‏🔸 [ القراءة في كتاب #الملخص_في_شرح #كتاب_التوحيد للإمام محمد بن عبد الوهاب] 🔸 للعلامة صالح الفوزان -حفظه الله- 🔹 الدرس الثاني والعشرون لفضيلة الشيخ حسن بن محمد منصور الدغريري حفظه الله 🎙للإستماع إلى الصوتية : https://t.me/daririhasan/5488 00:00 ـ──━━◉ 5:10 ا⇄ا ▷▷ I I ◁◁ ↻ رابط القناة على ال
285,AUD-20250624-WA0002.m4a,AUD-YYYYMMDD-WA,24/06/2025,YES,5502,25/06/2025,,9:57,,,الملخص في شرح,‏‌‏‌‏‌‏‌‏🔸 [ القراءة في كتاب #الملخص_في_شرح #كتاب_التوحيد للإمام محمد بن عبد الوهاب] 🔸 للعلامة صالح الفوزان -حفظه الله- 🔹 الدرس الثالث والعشرون لفضيلة الشيخ حسن بن محمد منصور الدغريري حفظه الله 🎙للإستماع إلى الصوتية : https://t.me/daririhasan/5502 00:00 ـ──━━◉ 9:57 ا⇄ا ▷▷ I I ◁◁ ↻ رابط القناة على ال
286,AUD-20250630-WA0008.m4a,AUD-YYYYMMDD-WA,30/06/2025,YES,5516,30/06/2025,,6:46,,,الملخص في شرح,‏‌‏‌‏‌‏‌‏🔸 [ القراءة في كتاب #الملخص_في_شرح #كتاب_التوحيد للإمام محمد بن عبد الوهاب] 🔸 للعلامة صالح الفوزان -حفظه الله- 🔹 الدرس الخامس والعشرون لفضيلة الشيخ حسن بن محمد منصور الدغريري حفظه الله 🎙للإستماع إلى الصوتية : https://t.me/daririhasan/5516 00:00 ـ──━━◉ 6:46 ا⇄ا ▷▷ I I ◁◁ ↻ رابط القناة على ال
287,AUD-20250630-WA0009.m4a,AUD-YYYYMMDD-WA,30/06/2025,YES,5518,30/06/2025,,4:59,تفسير,,التفسير الميسر,‌‏‌‏‌‏‌‏‌‏🔸 [ القراءة في كتاب #التفسير_الميسر ] 🔸 إعداد نخبة من العلماء 🔹 الدرس الرابع عشر - تفسير سورة التوبة لفضيلة الشيخ حسن بن محمد منصور الدغريري حفظه الله 🎙للإستماع إلى الصوتية : https://t.me/daririhasan/5518 00:00 ـ──━━◉ 4:59 ا⇄ا ▷▷ I I ◁◁ ↻ رابط القناة على التلجرام⇙ ╭─═┅┅┅┅┅┅┅═─╮ https://t.m
288,AUD-20250630-WA0010.m4a,AUD-YYYYMMDD-WA,30/06/2025,YES,5514,30/06/2025,,5:26,,,الملخص في شرح,‏‌‏‌‏‌‏‌‏🔸 [ القراءة في كتاب #الملخص_في_شرح #كتاب_التوحيد للإمام محمد بن عبد الوهاب] 🔸 للعلامة صالح الفوزان -حفظه الله- 🔹 الدرس الرابع والعشرون لفضيلة الشيخ حسن بن محمد منصور الدغريري حفظه الله 🎙للإستماع إلى الصوتية : https://t.me/daririhasan/5514 00:00 ـ──━━◉ 5:26 ا⇄ا ▷▷ I I ◁◁ ↻ رابط القناة على ال
289,AUD-20250702-WA0001.m4a,AUD-YYYYMMDD-WA,02/07/2025,YES,5523,02/07/2025,,47:57,,,الملخص الفقهي,‌‏‌‏‌‌‏‌‏‌‌‏‌‏‌‏‌‏🔸 [ القراءة في كتاب #الملخص_الفقهي ] 🔸 للعلامة صالح بن فوزان الفوزان -حفظه الله- 🔹 الدرس (١) - كتاب الطهارة لفضيلة الشيخ حسن بن محمد منصور الدغريري حفظه الله بتاريخ: ٦ / ١ / ١٤٤٧هـ 🎙للإستماع إلى الصوتية : https://t.me/daririhasan/5523 00:00 ـ──━━◉ 47:57 ا⇄ا ▷▷ I I ◁◁ ↻ رابط القناة 
290,AUD-20250706-WA0001.m4a,AUD-YYYYMMDD-WA,06/07/2025,YES,5534,06/07/2025,,7:46,تفسير,,التفسير الميسر,‌‏‌‏‌‏‌‏‌‏🔸 [ القراءة في كتاب #التفسير_الميسر ] 🔸 إعداد نخبة من العلماء 🔹 الدرس الخامس عشر - تفسير سورة التوبة لفضيلة الشيخ حسن بن محمد منصور الدغريري حفظه الله 🎙للإستماع إلى الصوتية : https://t.me/daririhasan/5518 00:00 ـ──━━◉ 7:46 ا⇄ا ▷▷ I I ◁◁ ↻ رابط القناة على التلجرام⇙ ╭─═┅┅┅┅┅┅┅═─╮ https://t.m
291,AUD-20250708-WA0001.m4a,AUD-YYYYMMDD-WA,08/07/2025,YES,5547,08/07/2025,,5:27,,,الملخص في شرح,‏‌‏‌‏‌‏‌‏🔸 [ القراءة في كتاب #الملخص_في_شرح #كتاب_التوحيد للإمام محمد بن عبد الوهاب] 🔸 للعلامة صالح الفوزان -حفظه الله- 🔹 الدرس السابع والعشرون لفضيلة الشيخ حسن بن محمد منصور الدغريري حفظه الله 🎙للإستماع إلى الصوتية : https://t.me/daririhasan/5547 00:00 ـ──━━◉ 5:27 ا⇄ا ▷▷ I I ◁◁ ↻ رابط القناة على ال
292,AUD-20250708-WA0003.m4a,AUD-YYYYMMDD-WA,08/07/2025,YES,5545,08/07/2025,,8:25,,,الملخص في شرح,‏‌‏‌‏‌‏‌‏🔸 [ القراءة في كتاب #الملخص_في_شرح #كتاب_التوحيد للإمام محمد بن عبد الوهاب] 🔸 للعلامة صالح الفوزان -حفظه الله- 🔹 الدرس السادس والعشرون لفضيلة الشيخ حسن بن محمد منصور الدغريري حفظه الله 🎙للإستماع إلى الصوتية : https://t.me/daririhasan/5545 00:00 ـ──━━◉ 8:25 ا⇄ا ▷▷ I I ◁◁ ↻ رابط القناة على ال
293,AUD-20250712-WA0006.m4a,AUD-YYYYMMDD-WA,12/07/2025,YES,5588,15/07/2025,,4:22,تفسير,,التفسير الميسر,‌‏‌‏‌‏‌‏‌‏🔸 [ القراءة في كتاب #التفسير_الميسر ] 🔸 إعداد نخبة من العلماء 🔹 الدرس السادس عشر - تفسير سورة التوبة لفضيلة الشيخ حسن بن محمد منصور الدغريري حفظه الله 🎙للإستماع إلى الصوتية : https://t.me/daririhasan/5588 00:00 ـ──━━◉ 4:22 ا⇄ا ▷▷ I I ◁◁ ↻ رابط القناة على التلجرام⇙ ╭─═┅┅┅┅┅┅┅═─╮ https://t.m
294,AUD-20250715-WA0005.m4a,AUD-YYYYMMDD-WA,15/07/2025,YES,5592,15/07/2025,,6:04,,,الملخص في شرح,‏‌‏‌‏‌‏‌‏🔸 [ القراءة في كتاب #الملخص_في_شرح #كتاب_التوحيد للإمام محمد بن عبد الوهاب] 🔸 للعلامة صالح الفوزان -حفظه الله- 🔹 الدرس الثامن والعشرون لفضيلة الشيخ حسن بن محمد منصور الدغريري حفظه الله 🎙للإستماع إلى الصوتية : https://t.me/daririhasan/5592 00:00 ـ──━━◉ 6:04 ا⇄ا ▷▷ I I ◁◁ ↻ رابط القناة على ال
295,AUD-20250718-WA0005.m4a,AUD-YYYYMMDD-WA,18/07/2025,YES,5601,18/07/2025,,5:20,,,الملخص في شرح,‏‌‏‌‏‌‏‌‏🔸 [ القراءة في كتاب #الملخص_في_شرح #كتاب_التوحيد للإمام محمد بن عبد الوهاب] 🔸 للعلامة صالح الفوزان -حفظه الله- 🔹 الدرس التاسع والعشرون لفضيلة الشيخ حسن بن محمد منصور الدغريري حفظه الله 🎙للإستماع إلى الصوتية : https://t.me/daririhasan/5601 00:00 ـ──━━◉ 5:20 ا⇄ا ▷▷ I I ◁◁ ↻ رابط القناة على ال
296,AUD-20250806-WA0000.m4a,AUD-YYYYMMDD-WA,06/08/2025,YES,5625,06/08/2025,,6:59,,,الملخص في شرح,‏‌‏‌‏‌‏‌‏🔸 [ القراءة في كتاب #الملخص_في_شرح #كتاب_التوحيد للإمام محمد بن عبد الوهاب] 🔸 للعلامة صالح الفوزان -حفظه الله- 🔹 الدرس الثلاثون لفضيلة الشيخ حسن بن محمد منصور الدغريري حفظه الله 🎙للإستماع إلى الصوتية : https://t.me/daririhasan/5625 00:00 ـ──━━◉ 6:59 ا⇄ا ▷▷ I I ◁◁ ↻ رابط القناة على التلجرام⇙
297,AUD-20250806-WA0001.m4a,AUD-YYYYMMDD-WA,06/08/2025,YES,5627,06/08/2025,,7:52,تفسير,,التفسير الميسر,‌‏‌‏‌‏‌‏‌‏🔸 [ القراءة في كتاب #التفسير_الميسر ] 🔸 إعداد نخبة من العلماء 🔹 الدرس السابع عشر - تفسير سورة التوبة لفضيلة الشيخ حسن بن محمد منصور الدغريري حفظه الله 🎙للإستماع إلى الصوتية : https://t.me/daririhasan/5627 00:00 ـ──━━◉ 7:52 ا⇄ا ▷▷ I I ◁◁ ↻ رابط القناة على التلجرام⇙ ╭─═┅┅┅┅┅┅┅═─╮ https://t.m
298,AUD-20260318-WA0004 (1).m4a,AUD-YYYYMMDD-WA,18/03/2026,YES,6530,18/03/2026,,,,,أحكام زكاة الفطر,«سلسلة المحاضرات الرمضانية لعام 1447هـ» بعنوان: أحكام زكاة الفطر الشيخ / حسن بن محمد منصور دغريري ٩/٢٦/ ١٤٤٧هـ لـ قناة الشيخ حسن بن محمد منصور دغريري ـا https://t.me/daririhasan/6530
299,AUD-20260415-WA0041.m4a,AUD-YYYYMMDD-WA,15/04/2026,YES,6788,15/04/2026,,,,,,‏مقطع صوتي من .
300,AUD-20260505-WA0051.m4a,AUD-YYYYMMDD-WA,05/05/2026,YES,7092,05/05/2026,1447/11/17,,,,,#جديد ‏ تعزية فضيلة الشيخ حسن بن محمد دغريري -حفظه الله- في وفاة فضيلة الشيخ ناصر بن أحمد بن جبران قحل رحمه الله تعالى صباح الثلاثاء ١٧ ذو القعدة ١٤٤٧هـ https://t.me/daririhasan/7092
301,AUD-20260508-WA0048.m4a,AUD-YYYYMMDD-WA,08/05/2026,YES,7130,08/05/2026,1447/11/20,,,,,خطبة جمعة : الذكاء الاصطناعي ومواقع التواصل الاجتماعي لفضيلة الشيخ حسن بن محمد دغريري حفظه الله ٢٠ ذو القعدة ١٤٤٧هـ جامع الورود بحي الورود
302,AUDIO-2025-12-22-14-05-28-2-buruj.m4a,AUDIO-2025/2026,22/12/2025,NO,,,,,,,,
303,AUDIO-2025-12-24-17-02-41.m4a,AUDIO-2025/2026,24/12/2025,YES,6082,24/12/2025,,19:29,,,,🔸 الملخص الفقهي 🔸 للعلامة صالح الفوزان حفظه الله 🔹 الدرس السادس والعشرون بجامع الورود من كتاب الصلاة (٥ ) بحي الورورد بجدة - ٤ / ٧/ ١٤٤٧ مع فضيلة الشيخ حسن بن محمد منصور الدغريري حفظه الله ورعاه 🎙 مدة الصوتية: 19:29 دقيقة --- 📌 للاستماع عبر التلجرام: ╭─═┅┅┅┅┅┅┅═─╮ https://t.me/daririhasan/6082 ╰─═┅┅
304,AUDIO-2026-02-04-21-23-40.m4a,AUDIO-2025/2026,04/02/2026,YES,6376,06/02/2026,,18:01,,,,🔸 الملخص الفقهي 🔸 للعلامة صالح الفوزان حفظه الله 🔹 الدرس الرابع و الثلاثون بجامع الورود من كتاب الصلاة (١٣) باب الذكر عقب الصلاة بحي الورورد بجدة - ١٦/ ٨/ ١٤٤٧ مع فضيلة الشيخ حسن بن محمد منصور الدغريري حفظه الله ورعاه 🎙 مدة الصوتية :18:01 دقيقة --- 📌 للاستماع عبر التلجرام: ╭─═┅┅┅┅┅┅┅═─╮ https://t.me
305,AUDIO-2026-02-08-07-36-29.m4a,AUDIO-2025/2026,08/02/2026,YES,6379,08/02/2026,,7:00,,,,🔸 التفسير الميسر ( سورة الفجر (١) ) 🔸 قام بإعداده نخبة من أهل العلم 🔹 الدرس الثامن عشر في جامع الورود بحي الورود بجدة - السبت ١٩ / ٧ / ١٤٤٧ مع فضيلة الشيخ حسن بن محمد منصور الدغريري حفظه الله ورعاه 🎙 مدة الصوتية: 7:00 دقيقة --- 📌 للاستماع عبر التلجرام: ╭─═┅┅┅┅┅┅┅═─╮ https://t.me/daririhasan/6379 ╰─═
306,AUDIO-2026-02-08-07-40-16.m4a,AUDIO-2025/2026,08/02/2026,YES,6380,08/02/2026,,29:17,,,,‌‏‌‏‌🔸 إتمام المنة بشرح أصول السنة 🔸 للعلامة أحمد النجمي حفظه الله 🔹 الدرس الثالث بجامع الورود بحي الورورد بجدة - ١٩ / ٨/ ١٤٤٧ مع فضيلة الشيخ حسن بن محمد منصور الدغريري حفظه الله ورعاه 🎙 مدة الصوتية: 29:17 دقيقة --- 📌 للاستماع عبر التلجرام: ╭─═┅┅┅┅┅┅┅═─╮ https://t.me/daririhasan/6380 ╰─═┅┅┅┅┅┅┅═─╯ 📌
307,AUDIO-2026-02-08-16-05-06.m4a,AUDIO-2025/2026,08/02/2026,YES,6392,09/02/2026,,50:55,الموجز الممهد,,,‌‏‌‏‌🔸 الشرح الموجز الممهد لتوحيد الخالق الممجد الذي ألفه شيخ الإسلام محمد 🔸 للعلامة أحمد النجمي حفظه الله 🔹 الدرس الثالث بجامع الورود بحي الورورد بجدة - ١٩ / ٨/ ١٤٤٧ مع فضيلة الشيخ حسن بن محمد منصور الدغريري حفظه الله ورعاه 🎙 مدة الصوتية: 50:55 دقيقة --- 📌 للاستماع عبر التلجرام: ╭─═┅┅┅┅┅┅┅═─╮ https
308,AUDIO-2026-02-08-17-34-17.m4a,AUDIO-2025/2026,08/02/2026,YES,6393,09/02/2026,,34:34,تأسيس الأحكام,,,‏‌‏‌🔸 تأسيس الأحكام شرح عمدة الأحكام 🔸 للعلامة أحمد النجمي رحمه الله 🔹 الدرس السادس عشر من كتاب الصلاة بجامع الورود بحي الورود بجدة - ٢٠ / ٨/ ١٤٤٧ مع فضيلة الشيخ حسن بن محمد منصور الدغريري حفظه الله ورعاه 🎙 مدة الصوتية: 34:34 دقيقة --- 📌 للاستماع عبر التلجرام: ╭─═┅┅┅┅┅┅┅═─╮ https://t.me/daririhasan/
309,AUDIO-2026-02-08-17-34-48.m4a,AUDIO-2025/2026,08/02/2026,YES,6394,09/02/2026,,12:45,التعليق على كتاب التوحيد,,,🔸 الملخص شرح كتاب التوحيد 🔸 للعلامة صالح الفوزان حفظه الله 🔹 الدرس السابع والثلاثون بجامع الورود بحي الورورد بجدة ٢٠ /٨/ ١٤٤٧ مع فضيلة الشيخ حسن بن محمد منصور الدغريري حفظه الله ورعاه 🎙 مدة الصوتية: 12:45 دقيقة --- 📌 للاستماع عبر التلجرام: ╭─═┅┅┅┅┅┅┅═─╮ https://t.me/daririhasan/6394 ╰─═┅┅┅┅┅┅┅═─╯ 📌 
310,AUDIO-2026-02-09-17-38-22.m4a,AUDIO-2025/2026,09/02/2026,YES,6403,10/02/2026,,30:39,تأسيس الأحكام,,,‏‌‏‌🔸 تأسيس الأحكام شرح عمدة الأحكام 🔸 للعلامة أحمد النجمي رحمه الله 🔹 الدرس السابع عشر من كتاب الصلاة بجامع الورود بحي الورود بجدة - ٢١ / ٨/ ١٤٤٧ مع فضيلة الشيخ حسن بن محمد منصور الدغريري حفظه الله ورعاه 🎙 مدة الصوتية: 30:39 دقيقة --- 📌 للاستماع عبر التلجرام: ╭─═┅┅┅┅┅┅┅═─╮ https://t.me/daririhasan/
311,AUDIO-2026-02-09-17-38-56.m4a,AUDIO-2025/2026,09/02/2026,YES,6404,10/02/2026,,15:09,,,,🔸 الملخص الفقهي 🔸 للعلامة صالح الفوزان حفظه الله 🔹 الدرس الخامس و الثلاثون بجامع الورود من كتاب الصلاة (١٤) باب الذكر عقب الصلاة بحي الورورد بجدة - ٢١ / ٨/ ١٤٤٧ مع فضيلة الشيخ حسن بن محمد منصور الدغريري حفظه الله ورعاه 🎙 مدة الصوتية :15:09 دقيقة --- 📌 للاستماع عبر التلجرام: ╭─═┅┅┅┅┅┅┅═─╮ https://t.m
312,AUDIO-2026-02-10-17-17-01.m4a,AUDIO-2025/2026,10/02/2026,YES,6406,10/02/2026,,15:58,التعليق على كتاب التوحيد,,,🔸 الملخص شرح كتاب التوحيد 🔸 للعلامة صالح الفوزان حفظه الله 🔹 الدرس الثامن والثلاثون بجامع الورود - باب ( يا أهل الكتاب لا تغلو في دينكم ) بحي الورورد بجدة ٢٢ /٨/ ١٤٤٧ مع فضيلة الشيخ حسن بن محمد منصور الدغريري حفظه الله ورعاه 🎙 مدة الصوتية: 15:58 دقيقة --- 📌 للاستماع عبر التلجرام: ╭─═┅┅┅┅┅┅┅═─╮ https
313,AUDIO-2026-02-12-10-51-44.m4a,AUDIO-2025/2026,12/02/2026,YES,6424,12/02/2026,,7:17,,,( آيتان من سورة الجن ),🔸[ #خطبة_الاستسقاء ]🔸 بعنوان: ( آيتان من سورة الجن ) 🔸 لفضيلة الشيخ : حسن بن محمد منصور الدغريري حفظه الله 🔸 بجامع الورود بحي الورورد بجدة ☑️ ❲ ٢٤ / ٨ / ١٤٤٧هـ❳ 🎙مدة الصوتية: 7:17 دقيقة 🔗 للاستماع عبر تيليجرام: ╭─═━─━─━─━─━─━═─╮ 📥 https://t.me/daririhasan/6424 ╰─═━─━─━─━─━─━═─╯ 🔗 رابط القناة على وات
314,AUDIO-2026-02-14-11-01-26.m4a,AUDIO-2025/2026,14/02/2026,YES,6436,15/02/2026,,25:25,تنبيه الأنام,,,🔸 تنبيه الانام على ما في كتاب سبل السلام من الفوائد والأحكام كتاب الطهارة 🔸 للعلامة أحمد النجمي رحمه الله 🔹 الدرس السابع من كتاب الطهارة بجامع الورود بحي الورود بجدة - السبت ٢٦ / ٨ /١٤٤٧ مع فضيلة الشيخ حسن بن محمد منصور الدغريري حفظه الله ورعاه 🎙 مدة الصوتية: 25:25 دقيقة --- 📌 للاستماع عبر التلجرام:
315,AUDIO-2026-02-14-11-04-13.m4a,AUDIO-2025/2026,14/02/2026,YES,6437,15/02/2026,,40:24,السيرة النبوية,,,‏‌‏‌🔸 مختصر السيرة النبوية 🔸 للإمام محمد بن عبدالوهاب رحمه الله 🔹 الدرس الدرس السادس بجامع الورود بحي الورود بجدة - السبت ٢٦/ ٨ / ١٤٤٧ مع فضيلة الشيخ حسن بن محمد منصور الدغريري حفظه الله ورعاه 🎙 مدة الصوتية : 40:24 دقيقة --- 📌 للاستماع عبر التلجرام: ╭─═┅┅┅┅┅┅┅═─╮ https://t.me/daririhasan/6437 ╰─═┅┅┅
316,AUDIO-2026-02-14-11-05-59.m4a,AUDIO-2025/2026,14/02/2026,YES,6438,15/02/2026,,45:43,التعليق على الأربعين النووية,,,🔸 التحفة النجمية بشرح الأربعين النووية 🔸 للعلامة أحمد النجمي رحمه الله 🔹 الدرس السابع والأخير بجامع الورود بحي الورود بجدة - السبت ٢٦/ ٨ /١٤٤٧ مع فضيلة الشيخ حسن بن محمد منصور الدغريري حفظه الله ورعاه 🎙 مدة الصوتية:45:43 دقيقة --- 📌 للاستماع عبر التلجرام: ╭─═┅┅┅┅┅┅┅═─╮ https://t.me/daririhasan/6438 
317,AUDIO-2026-02-18-06-10-05.m4a,AUDIO-2025/2026,18/02/2026,YES,6452,18/02/2026,,8:44,,,,🔸 دروس رمضان - وزارة الشؤون الإسلامية 🔹 الدرس الأول : ( استقبال رمضان ) بجامع الورود بحي الورود بجدة - ٢٩/ ٨ /١٤٤٧ مع فضيلة الشيخ حسن بن محمد منصور الدغريري حفظه الله ورعاه 🎙 مدة الصوتية : 8:44 دقيقة --- 📌 للاستماع عبر التلجرام: ╭─═┅┅┅┅┅┅┅═─╮ https://t.me/daririhasan/6452 ╰─═┅┅┅┅┅┅┅═─╯ 📌 رابط القناة
318,AUDIO-2026-02-18-17-29-16.m4a,AUDIO-2025/2026,18/02/2026,YES,6453,18/02/2026,,6:20,,,,🔸 دروس رمضان - وزارة الشؤون الإسلامية 🔹 الدرس الثاني : ( فضائل شهر رمضان ) بجامع الورود بحي الورود بجدة - ١ / ٩ /١٤٤٧ مع فضيلة الشيخ حسن بن محمد منصور الدغريري حفظه الله ورعاه 🎙 مدة الصوتية : 6:20 دقيقة --- 📌 للاستماع عبر التلجرام: ╭─═┅┅┅┅┅┅┅═─╮ https://t.me/daririhasan/6453 ╰─═┅┅┅┅┅┅┅═─╯ 📌 رابط الق
319,AUDIO-2026-02-19-16-46-55.m4a,AUDIO-2025/2026,19/02/2026,YES,6455,19/02/2026,,9:16,,,,🔸 دروس رمضان - وزارة الشؤون الإسلامية 🔹 الدرس الثالث : ( فضل الصيام والحكمة من مشروعيته ) بجامع الورود بحي الورود بجدة - ٢/ ٩ /١٤٤٧ مع فضيلة الشيخ حسن بن محمد منصور الدغريري حفظه الله ورعاه 🎙 مدة الصوتية : 9:16 دقيقة --- 📌 للاستماع عبر التلجرام: ╭─═┅┅┅┅┅┅┅═─╮ https://t.me/daririhasan/6455 ╰─═┅┅┅┅┅┅┅
320,AUDIO-2026-02-20-19-13-30.m4a,AUDIO-2025/2026,20/02/2026,YES,6457,20/02/2026,,9:48,,,,🔸 دروس رمضان - وزارة الشؤون الإسلامية 🔹 الدرس الرابع : ( مفطرات الصيام ) بجامع الورود بحي الورود بجدة - ٣/ ٩ /١٤٤٧ مع فضيلة الشيخ حسن بن محمد منصور الدغريري حفظه الله ورعاه 🎙 مدة الصوتية : 9:48 دقيقة --- 📌 للاستماع عبر التلجرام: ╭─═┅┅┅┅┅┅┅═─╮ https://t.me/daririhasan/6457 ╰─═┅┅┅┅┅┅┅═─╯ 📌 رابط القناة
321,AUDIO-2026-02-21-23-01-03.m4a,AUDIO-2025/2026,21/02/2026,YES,6460,22/02/2026,,11:29,,,,🔸 دروس رمضان - وزارة الشؤون الإسلامية 🔹 الدرس الخامس : ( مفطرات الصيام ) بجامع الورود بحي الورود بجدة - ٤/ ٩ /١٤٤٧ مع فضيلة الشيخ حسن بن محمد منصور الدغريري حفظه الله ورعاه 🎙 مدة الصوتية : 11:29 دقيقة --- 📌 للاستماع عبر التلجرام: ╭─═┅┅┅┅┅┅┅═─╮ https://t.me/daririhasan/6460 ╰─═┅┅┅┅┅┅┅═─╯ 📌 رابط القنا
322,AUDIO-2026-02-23-16-47-33.m4a,AUDIO-2025/2026,23/02/2026,YES,6464,23/02/2026,,8:37,,,,🔸 دروس رمضان - وزارة الشؤون الإسلامية 🔹 الدرس السادس : ( مستحبات الصيام و مكروهاته) بجامع الورود بحي الورود بجدة - ٦/ ٩ /١٤٤٧ مع فضيلة الشيخ حسن بن محمد منصور الدغريري حفظه الله ورعاه 🎙 مدة الصوتية : 8:37 دقيقة --- 📌 للاستماع عبر التلجرام: ╭─═┅┅┅┅┅┅┅═─╮ https://t.me/daririhasan/6464 ╰─═┅┅┅┅┅┅┅═─╯ 📌 
323,AUDIO-2026-02-24-16-39-47.m4a,AUDIO-2025/2026,24/02/2026,YES,6474,24/02/2026,,11:26,,,,🔸 دروس رمضان - وزارة الشؤون الإسلامية 🔹 الدرس السابع : ( الصلاة عمود الدين) بجامع الورود بحي الورود بجدة - ٧/ ٩ /١٤٤٧ مع فضيلة الشيخ حسن بن محمد منصور الدغريري حفظه الله ورعاه 🎙 مدة الصوتية : 11:26 دقيقة --- 📌 للاستماع عبر التلجرام: ╭─═┅┅┅┅┅┅┅═─╮ https://t.me/daririhasan/6474 ╰─═┅┅┅┅┅┅┅═─╯ 📌 رابط ال
324,AUDIO-2026-02-25-16-43-26.m4a,AUDIO-2025/2026,25/02/2026,YES,6476,25/02/2026,,11:03,,,,🔸 دروس رمضان - وزارة الشؤون الإسلامية 🔹 الدرس الثامن : ( حقوق ولي الأمر) بجامع الورود بحي الورود بجدة - ٨/ ٩ /١٤٤٧ مع فضيلة الشيخ حسن بن محمد منصور الدغريري حفظه الله ورعاه 🎙 مدة الصوتية : 11:03 دقيقة --- 📌 للاستماع عبر التلجرام: ╭─═┅┅┅┅┅┅┅═─╮ https://t.me/daririhasan/6476 ╰─═┅┅┅┅┅┅┅═─╯ 📌 رابط القنا
325,AUDIO-2026-02-26-17-36-14.m4a,AUDIO-2025/2026,26/02/2026,YES,6481,27/02/2026,,11:31,,,,🔸 دروس رمضان - وزارة الشؤون الإسلامية 🔹 الدرس التاسع : ( أحكام صلاة التراويح ) بجامع الورود بحي الورود بجدة - ٩/ ٩ /١٤٤٧ مع فضيلة الشيخ حسن بن محمد منصور الدغريري حفظه الله ورعاه 🎙 مدة الصوتية : 11:31 دقيقة --- 📌 للاستماع عبر التلجرام: ╭─═┅┅┅┅┅┅┅═─╮ https://t.me/daririhasan/6481 ╰─═┅┅┅┅┅┅┅═─╯ 📌 رابط
326,AUDIO-2026-02-27-19-07-19.m4a,AUDIO-2025/2026,27/02/2026,YES,6483,27/02/2026,,8:38,,,,🔸 دروس رمضان - وزارة الشؤون الإسلامية 🔹 الدرس العاشر : ( فضل قراءة القرآن الكريم وتدبره ) بجامع الورود بحي الورود بجدة - ١٠ / ٩ /١٤٤٧ مع فضيلة الشيخ حسن بن محمد منصور الدغريري حفظه الله ورعاه 🎙 مدة الصوتية : 8:38 دقيقة --- 📌 للاستماع عبر التلجرام: ╭─═┅┅┅┅┅┅┅═─╮ https://t.me/daririhasan/6483 ╰─═┅┅┅┅┅
327,AUDIO-2026-02-28-16-47-11.m4a,AUDIO-2025/2026,28/02/2026,YES,6484,28/02/2026,,9:19,,,,🔸 دروس رمضان - وزارة الشؤون الإسلامية 🔹 الدرس الحادي عشر ( أحكام قراءة القرآن الكريم ) بجامع الورود بحي الورود بجدة - ١١ / ٩ /١٤٤٧ مع فضيلة الشيخ حسن بن محمد منصور الدغريري حفظه الله ورعاه 🎙 مدة الصوتية : 9:19 دقيقة --- 📌 للاستماع عبر التلجرام: ╭─═┅┅┅┅┅┅┅═─╮ https://t.me/daririhasan/6484 ╰─═┅┅┅┅┅┅┅═
328,AUDIO-2026-03-01-20-00-52.m4a,AUDIO-2025/2026,01/03/2026,YES,6488,02/03/2026,,10:50,,,,🔸 دروس رمضان - وزارة الشؤون الإسلامية 🔹 الدرس الثاني عشر (فضل الإنفاق في وجوه الخير في رمضان ) بجامع الورود بحي الورود بجدة - ١٢ / ٩ /١٤٤٧ مع فضيلة الشيخ حسن بن محمد منصور الدغريري حفظه الله ورعاه 🎙 مدة الصوتية : 10:50 دقيقة --- 📌 للاستماع عبر التلجرام: ╭─═┅┅┅┅┅┅┅═─╮ https://t.me/daririhasan/6488 ╰─
329,AUDIO-2026-03-02-16-55-55.m4a,AUDIO-2025/2026,02/03/2026,YES,6489,02/03/2026,,14:16,,,,🔸 دروس رمضان - وزارة الشؤون الإسلامية 🔹 الدرس الثالث عشر ( حكم الزكاة ، وشروط وجوبها ) بجامع الورود بحي الورود بجدة - ١٣ / ٩ /١٤٤٧ مع فضيلة الشيخ حسن بن محمد منصور الدغريري حفظه الله ورعاه 🎙 مدة الصوتية : 14:16 دقيقة --- 📌 للاستماع عبر التلجرام: ╭─═┅┅┅┅┅┅┅═─╮ https://t.me/daririhasan/6489 ╰─═┅┅┅┅┅┅┅
330,AUDIO-2026-03-03-16-43-58.m4a,AUDIO-2025/2026,03/03/2026,YES,6490,04/03/2026,,8:24,,,,🔸 دروس رمضان - وزارة الشؤون الإسلامية 🔹 الدرس الرابع عشر ( في الأموال التي تجب فيها الزكاة ) بجامع الورود بحي الورود بجدة - ١٤ / ٩ /١٤٤٧ مع فضيلة الشيخ حسن بن محمد منصور الدغريري حفظه الله ورعاه 🎙 مدة الصوتية : 8:24 دقيقة --- 📌 للاستماع عبر التلجرام: ╭─═┅┅┅┅┅┅┅═─╮ https://t.me/daririhasan/6490 ╰─═┅┅
331,AUDIO-2026-03-04-17-17-37.m4a,AUDIO-2025/2026,04/03/2026,YES,6493,05/03/2026,,12:38,,,,🔸 دروس رمضان - وزارة الشؤون الإسلامية 🔹 الدرس الخامس عشر ( بقية الأموال التي تجب فيها الزكاة) بجامع الورود بحي الورود بجدة - ١٥ / ٩ /١٤٤٧ مع فضيلة الشيخ حسن بن محمد منصور الدغريري حفظه الله ورعاه 🎙 مدة الصوتية : 12:38 دقيقة --- 📌 للاستماع عبر التلجرام: ╭─═┅┅┅┅┅┅┅═─╮ https://t.me/daririhasan/6493 ╰─═
332,AUDIO-2026-03-05-17-27-56.m4a,AUDIO-2025/2026,05/03/2026,YES,6497,05/03/2026,,10:57,,,,🔸 دروس رمضان - وزارة الشؤون الإسلامية 🔹 الدرس السادس عشر ( أهل الزكاة ) بجامع الورود بحي الورود بجدة - ١٦ / ٩ /١٤٤٧ مع فضيلة الشيخ حسن بن محمد منصور الدغريري حفظه الله ورعاه 🎙 مدة الصوتية : 10:57 دقيقة --- 📌 للاستماع عبر التلجرام: ╭─═┅┅┅┅┅┅┅═─╮ https://t.me/daririhasan/6497 ╰─═┅┅┅┅┅┅┅═─╯ 📌 رابط القن
333,AUDIO-2026-03-08-20-15-05.m4a,AUDIO-2025/2026,08/03/2026,YES,6501,09/03/2026,,9:36,,,,🔸 دروس رمضان - وزارة الشؤون الإسلامية 🔹 الدرس السابع عشر ( مسائل معاصرة في الزكاة ) بجامع الورود بحي الورود بجدة - ١٧ / ٩ /١٤٤٧ مع فضيلة الشيخ حسن بن محمد منصور الدغريري حفظه الله ورعاه 🎙 مدة الصوتية : 9:36 دقيقة --- 📌 للاستماع عبر التلجرام: ╭─═┅┅┅┅┅┅┅═─╮ https://t.me/daririhasan/6501 ╰─═┅┅┅┅┅┅┅═─╯ 
334,AUDIO-2026-03-08-20-28-21.m4a,AUDIO-2025/2026,08/03/2026,YES,6502,09/03/2026,,12:42,,,,🔸 دروس رمضان - وزارة الشؤون الإسلامية 🔹 الدرس الثامن عشر ( الاعتكاف ) بجامع الورود بحي الورود بجدة - ١٨ / ٩ /١٤٤٧ مع فضيلة الشيخ حسن بن محمد منصور الدغريري حفظه الله ورعاه 🎙 مدة الصوتية : 12:42 دقيقة --- 📌 للاستماع عبر التلجرام: ╭─═┅┅┅┅┅┅┅═─╮ https://t.me/daririhasan/6502 ╰─═┅┅┅┅┅┅┅═─╯ 📌 رابط القناة
335,AUDIO-2026-03-08-20-29-13.m4a,AUDIO-2025/2026,08/03/2026,YES,6503,09/03/2026,,5:40,,,,🔸 دروس رمضان - وزارة الشؤون الإسلامية 🔹 الدرس التاسع عشر ( العشر الأواخر من رمضان ) بجامع الورود بحي الورود بجدة - ١٩ / ٩ /١٤٤٧ مع فضيلة الشيخ حسن بن محمد منصور الدغريري حفظه الله ورعاه 🎙 مدة الصوتية : 5:40 دقيقة --- 📌 للاستماع عبر التلجرام: ╭─═┅┅┅┅┅┅┅═─╮ https://t.me/daririhasan/6503 ╰─═┅┅┅┅┅┅┅═─╯ 
336,AUDIO-2026-03-09-17-37-22.m4a,AUDIO-2025/2026,09/03/2026,YES,6507,10/03/2026,,5:23,,,,🔸 دروس رمضان - وزارة الشؤون الإسلامية 🔹 الدرس العشرون ( ليلة القدر ) بجامع الورود بحي الورود بجدة - ٢٠ / ٩ /١٤٤٧ مع فضيلة الشيخ حسن بن محمد منصور الدغريري حفظه الله ورعاه 🎙 مدة الصوتية : 5:23 دقيقة --- 📌 للاستماع عبر التلجرام: ╭─═┅┅┅┅┅┅┅═─╮ https://t.me/daririhasan/6507 ╰─═┅┅┅┅┅┅┅═─╯ 📌 رابط القناة ع
337,AUDIO-2026-03-10-16-46-27.m4a,AUDIO-2025/2026,10/03/2026,YES,6509,10/03/2026,,8:21,,,,🔸 دروس رمضان - وزارة الشؤون الإسلامية 🔹 الدرس الحادي والعشرون ( أقسام التوحيد وفضائله ) بجامع الورود بحي الورود بجدة - ٢١ / ٩ /١٤٤٧ مع فضيلة الشيخ حسن بن محمد منصور الدغريري حفظه الله ورعاه 🎙 مدة الصوتية : 8:21 دقيقة --- 📌 للاستماع عبر التلجرام: ╭─═┅┅┅┅┅┅┅═─╮ https://t.me/daririhasan/6509 ╰─═┅┅┅┅┅┅┅
338,AUDIO-2026-03-11-20-00-45.m4a,AUDIO-2025/2026,11/03/2026,YES,6512,12/03/2026,,6:14,,,,🔸 دروس رمضان - وزارة الشؤون الإسلامية 🔹 الدرس الثاني والعشرون ( فضل قيام الليل ) بجامع الورود بحي الورود بجدة - ٢٢ / ٩ /١٤٤٧ مع فضيلة الشيخ حسن بن محمد منصور الدغريري حفظه الله ورعاه 🎙 مدة الصوتية : 6:14 دقيقة --- 📌 للاستماع عبر التلجرام: ╭─═┅┅┅┅┅┅┅═─╮ https://t.me/daririhasan/6512 ╰─═┅┅┅┅┅┅┅═─╯ 📌 ر
339,AUDIO-2026-03-12-19-01-09.m4a,AUDIO-2025/2026,12/03/2026,YES,6514,12/03/2026,,8:10,,,,🔸 دروس رمضان - وزارة الشؤون الإسلامية 🔹 الدرس الثالث والعشرون ( أعظم الكبائر ) بجامع الورود بحي الورود بجدة - ٢٣ / ٩ /١٤٤٧ مع فضيلة الشيخ حسن بن محمد منصور الدغريري حفظه الله ورعاه 🎙 مدة الصوتية : 8:10 دقيقة --- 📌 للاستماع عبر التلجرام: ╭─═┅┅┅┅┅┅┅═─╮ https://t.me/daririhasan/6514 ╰─═┅┅┅┅┅┅┅═─╯ 📌 راب
340,AUDIO-2026-03-13-17-29-05.m4a,AUDIO-2025/2026,13/03/2026,YES,6516,13/03/2026,,7:51,,,,🔸 دروس رمضان - وزارة الشؤون الإسلامية 🔹 الدرس الرابع والعشرون ( صفة الجنة وأسباب دخولها ) بجامع الورود بحي الورود بجدة - ٢٤ / ٩ /١٤٤٧ مع فضيلة الشيخ حسن بن محمد منصور الدغريري حفظه الله ورعاه 🎙 مدة الصوتية : 7:51 دقيقة --- 📌 للاستماع عبر التلجرام: ╭─═┅┅┅┅┅┅┅═─╮ https://t.me/daririhasan/6516 ╰─═┅┅┅┅┅
341,AUDIO-2026-03-14-19-39-15.m4a,AUDIO-2025/2026,14/03/2026,YES,6517,14/03/2026,,8:46,,,,🔸 دروس رمضان - وزارة الشؤون الإسلامية 🔹 الدرس الخامس والعشرون ( صفة النار وأسباب دخولها ) بجامع الورود بحي الورود بجدة - ٢٥ / ٩ /١٤٤٧ مع فضيلة الشيخ حسن بن محمد منصور الدغريري حفظه الله ورعاه 🎙 مدة الصوتية : 8:46 دقيقة --- 📌 للاستماع عبر التلجرام: ╭─═┅┅┅┅┅┅┅═─╮ https://t.me/daririhasan/6517 ╰─═┅┅┅┅┅
342,AUDIO-2026-03-15-22-34-45.m4a,AUDIO-2025/2026,15/03/2026,YES,6521,16/03/2026,,14:18,,,,🔸 دروس رمضان - وزارة الشؤون الإسلامية 🔹 الدرس السادس والعشرون ( الدعاء ) بجامع الورود بحي الورود بجدة - ٢٦ / ٩ /١٤٤٧ مع فضيلة الشيخ حسن بن محمد منصور الدغريري حفظه الله ورعاه 🎙 مدة الصوتية : 14:18 دقيقة --- 📌 للاستماع عبر التلجرام: ╭─═┅┅┅┅┅┅┅═─╮ https://t.me/daririhasan/6521 ╰─═┅┅┅┅┅┅┅═─╯ 📌 رابط الق
343,AUDIO-2026-03-16-17-30-59.m4a,AUDIO-2025/2026,16/03/2026,YES,6522,16/03/2026,,12:47,,,,🔸 دروس رمضان - وزارة الشؤون الإسلامية 🔹 الدرس السابع والعشرون ( شروط قبول العمل) بجامع الورود بحي الورود بجدة - ٢٧ / ٩ /١٤٤٧ مع فضيلة الشيخ حسن بن محمد منصور الدغريري حفظه الله ورعاه 🎙 مدة الصوتية : 12:47 دقيقة --- 📌 للاستماع عبر التلجرام: ╭─═┅┅┅┅┅┅┅═─╮ https://t.me/daririhasan/6522 ╰─═┅┅┅┅┅┅┅═─╯ 📌 
344,AUDIO-2026-03-17-16-50-53.m4a,AUDIO-2025/2026,17/03/2026,YES,6524,17/03/2026,,6:57,,,,🔸 دروس رمضان - وزارة الشؤون الإسلامية 🔹 الدرس الثامن والعشرون ( زكاة الفطر ) بجامع الورود بحي الورود بجدة - ٢٨ / ٩ /١٤٤٧ مع فضيلة الشيخ حسن بن محمد منصور الدغريري حفظه الله ورعاه 🎙 مدة الصوتية : 6:57 دقيقة --- 📌 للاستماع عبر التلجرام: ╭─═┅┅┅┅┅┅┅═─╮ https://t.me/daririhasan/6524 ╰─═┅┅┅┅┅┅┅═─╯ 📌 رابط 
345,AUDIO-2026-03-19-15-33-38.m4a,AUDIO-2025/2026,19/03/2026,YES,6540,19/03/2026,,8:07,,,,🔸 دروس رمضان - وزارة الشؤون الإسلامية 🔹 الدرس التاسع والعشرون ( ختام رمضان ) بجامع الورود بحي الورود بجدة - ٢٩ / ٩ /١٤٤٧ مع فضيلة الشيخ حسن بن محمد منصور الدغريري حفظه الله ورعاه 🎙 مدة الصوتية : 8:07 دقيقة --- 📌 للاستماع عبر التلجرام: ╭─═┅┅┅┅┅┅┅═─╮ https://t.me/daririhasan/6540 ╰─═┅┅┅┅┅┅┅═─╯ 📌 رابط 
346,AUDIO-2026-03-19-20-17-08.m4a,AUDIO-2025/2026,19/03/2026,YES,6541,19/03/2026,,6:33,,,,🔸 دروس رمضان - وزارة الشؤون الإسلامية 🔹 الدرس الثلاثون( ذكر الله تعالى ) بجامع الورود بحي الورود بجدة - ٣٠ / ٩ /١٤٤٧ مع فضيلة الشيخ حسن بن محمد منصور الدغريري حفظه الله ورعاه 🎙 مدة الصوتية : 6:33 دقيقة --- 📌 للاستماع عبر التلجرام: ╭─═┅┅┅┅┅┅┅═─╮ https://t.me/daririhasan/6541 ╰─═┅┅┅┅┅┅┅═─╯ 📌 رابط القن
347,AUDIO-2026-03-21-00-33-34.m4a,AUDIO-2025/2026,21/03/2026,YES,6545,21/03/2026,,12:20,خطبة عيد,,#جديد_الخطب,🔸[ #جديد_الخطب ]🔸 ❒ [خطبة عيد الفطر لعام١٤٤٧هـ] ❒ لفضيلة الشيخ: حسن بن محمد منصور الدغريري – حفظه الله – 🗓 التاريخ: الجمعة ١ / ١٠/ ١٤٤٧ه‍ ⏱️ مدة الصوتية:12:20 دقيقة 🔗 للاستماع عبر تيليجرام: ╭─═━─━─━─━─━─━═─╮ 📥 https://t.me/daririhasan/6545 ╰─═━─━─━─━─━─━═─╯ 🔗 رابط القناة على واتساب: ╭─═━─━─━─━─━─━═─
348,AUDIO-2026-03-29-23-52-32.m4a,AUDIO-2025/2026,29/03/2026,YES,6577,31/03/2026,,42:01,تأسيس الأحكام,,,‏‌‏‌🔸 تأسيس الأحكام شرح عمدة الأحكام 🔸 للعلامة أحمد النجمي رحمه الله 🔹 الدرس السابع والعشرون من كتاب الصلاة - باب الوتر - بجامع الورود بحي الورود بجدة - ١٠/ ١٠/ ١٤٤٧ مع فضيلة الشيخ حسن بن محمد منصور الدغريري حفظه الله ورعاه 🎙 مدة الصوتية: 42:01 دقيقة --- 📌 للاستماع عبر التلجرام: ╭─═┅┅┅┅┅┅┅═─╮ https:
349,AUDIO-2026-03-29-23-55-49.m4a,AUDIO-2025/2026,29/03/2026,YES,6576,31/03/2026,,10:53,التعليق على كتاب التوحيد,,,🔸 الملخص شرح كتاب التوحيد 🔸 للعلامة صالح الفوزان حفظه الله 🔹 الدرس السابع والثلاثون بجامع الورود - باب ( ما جاء ان سبب كفر بني آدم وتركهم دينهم هو الغلو في الصالحين ) بحي الورورد بجدة ١٠ /١٠/ ١٤٤٧ مع فضيلة الشيخ حسن بن محمد منصور الدغريري حفظه الله ورعاه 🎙 مدة الصوتية: 10:53 دقيقة --- 📌 للاستماع عبر
350,AUDIO-2026-03-30-20-59-55.m4a,AUDIO-2025/2026,30/03/2026,YES,6580,31/03/2026,,43:14,تأسيس الأحكام,,,‏‌‏‌🔸 تأسيس الأحكام شرح عمدة الأحكام 🔸 للعلامة أحمد النجمي رحمه الله 🔹 الدرس الثامن والعشرون من كتاب الصلاة - باب الذكر عقب الصلاة - بجامع الورود بحي الورود بجدة - ١١/ ١٠/ ١٤٤٧ مع فضيلة الشيخ حسن بن محمد منصور الدغريري حفظه الله ورعاه 🎙 مدة الصوتية: 43:14 دقيقة --- 📌 للاستماع عبر التلجرام: ╭─═┅┅┅┅┅┅
351,AUDIO-2026-03-30-21-01-25.m4a,AUDIO-2025/2026,30/03/2026,YES,6579,31/03/2026,,10:23,,,,🔸 الملخص الفقهي 🔸 للعلامة صالح الفوزان حفظه الله 🔹 الدرس السادس و الثلاثون بجامع الورود من كتاب الصلاة( ١٥) باب في صلاة التراويح و أحكامها بحي الورورد بجدة - ١١ / ١٠/ ١٤٤٧ مع فضيلة الشيخ حسن بن محمد منصور الدغريري حفظه الله ورعاه 🎙 مدة الصوتية :10:23 دقيقة --- 📌 للاستماع عبر التلجرام: ╭─═┅┅┅┅┅┅┅═─╮ 
352,AUDIO-2026-03-31-21-51-26.m4a,AUDIO-2025/2026,31/03/2026,YES,6585,01/04/2026,,14:51,التعليق على كتاب التوحيد,,,🔸 الملخص شرح كتاب التوحيد 🔸 للعلامة صالح الفوزان حفظه الله 🔹 الدرس الثامن والثلاثون بجامع الورود - باب ( باب من جاء في التغليظ عند من عبدالله عند قبر صالح فكيف لو عبده) بحي الورورد بجدة ١٢ /١٠/ ١٤٤٧ مع فضيلة الشيخ حسن بن محمد منصور الدغريري حفظه الله ورعاه 🎙 مدة الصوتية: 14:51 دقيقة --- 📌 للاستماع ع
353,AUDIO-2026-04-01-17-00-50.m4a,AUDIO-2025/2026,01/04/2026,YES,6595,02/04/2026,1447/10/13,10:35,,,,🔸 الملخص الفقهي 🔸 للعلامة صالح الفوزان حفظه الله 🔹 الدرس السابع و الثلاثون بجامع الورود من كتاب الصلاة( ١٦) باب في السنن الرواتب مع الفرائض بحي الورورد بجدة - ١٤٤٧/١٠/١٣ مع فضيلة الشيخ حسن بن محمد منصور الدغريري حفظه الله ورعاه 🎙 مدة الصوتية :10:35 دقيقة --- 📌 للاستماع عبر التلجرام: ╭─═┅┅┅┅┅┅┅═─╮ ht
354,AUDIO-2026-04-04-08-26-22.m4a,AUDIO-2025/2026,04/04/2026,YES,6648,05/04/2026,,36:20,السيرة النبوية,,,‏‌‏‌🔸 مختصر السيرة النبوية 🔸 للإمام محمد بن عبدالوهاب رحمه الله 🔹 الدرس الدرس السابع - اسلام حمزة بن عبد المطلب بجامع الورود بحي الورود بجدة - السبت ١٦/ ١٠ / ١٤٤٧ مع فضيلة الشيخ حسن بن محمد منصور الدغريري حفظه الله ورعاه 🎙 مدة الصوتية : 36:20 دقيقة --- 📌 للاستماع عبر التلجرام: ╭─═┅┅┅┅┅┅┅═─╮ https://
355,AUDIO-2026-04-04-08-30-42.m4a,AUDIO-2025/2026,04/04/2026,YES,6649,05/04/2026,,56:37,تنبيه الأنام,,,🔸 تنبيه الانام على ما في كتاب سبل السلام من الفوائد والأحكام باب المسح علي الخفين 🔸 للعلامة أحمد النجمي رحمه الله 🔹 الدرس الثامن بجامع الورود بحي الورود بجدة - السبت ١٦ / ١٠ /١٤٤٧ مع فضيلة الشيخ حسن بن محمد منصور الدغريري حفظه الله ورعاه 🎙 مدة الصوتية: 56:37 دقيقة --- 📌 للاستماع عبر التلجرام: ╭─═┅┅┅
356,AUDIO-2026-04-04-21-54-53.m4a,AUDIO-2025/2026,04/04/2026,YES,6650,05/04/2026,,44:18,الموجز الممهد,,,‏‌‏‌🔸 الشرح الموجز الممهد لتوحيد الخالق الممجد الذي ألفه شيخ الإسلام محمد 🔸 للعلامة أحمد النجمي حفظه الله 🔹 الدرس الرابع بجامع الورود بحي الورورد بجدة - ١٦ / ١٠/ ١٤٤٧ مع فضيلة الشيخ حسن بن محمد منصور الدغريري حفظه الله ورعاه 🎙 مدة الصوتية: 44:18 دقيقة --- 📌 للاستماع عبر التلجرام: ╭─═┅┅┅┅┅┅┅═─╮ https
357,AUDIO-2026-04-04-22-00-41.m4a,AUDIO-2025/2026,04/04/2026,YES,6651,05/04/2026,,1:06,,,,‏‌‏‌🔸 إتمام المنة بشرح أصول السنة 🔸 للعلامة أحمد النجمي حفظه الله 🔹 الدرس الرابع و الاخير بجامع الورود بحي الورورد بجدة - ١٦ / ١٠/ ١٤٤٧ مع فضيلة الشيخ حسن بن محمد منصور الدغريري حفظه الله ورعاه 🎙 مدة الصوتية: 1:06:02 دقيقة --- 📌 للاستماع عبر التلجرام: ╭─═┅┅┅┅┅┅┅═─╮ https://t.me/daririhasan/6651 ╰─═┅
358,AUDIO-2026-04-05-19-27-40.m4a,AUDIO-2025/2026,05/04/2026,YES,6664,06/04/2026,,55:13,تأسيس الأحكام,,,‏‌‏‌🔸 تأسيس الأحكام شرح عمدة الأحكام 🔸 للعلامة أحمد النجمي رحمه الله 🔹 الدرس الثامن والعشرون من كتاب الصلاة - باب الذكر عقب الصلاة - بجامع الورود بحي الورود بجدة - ١٧/ ١٠/ ١٤٤٧ مع فضيلة الشيخ حسن بن محمد منصور الدغريري حفظه الله ورعاه 🎙 مدة الصوتية: 55:13 دقيقة --- 📌 للاستماع عبر التلجرام: ╭─═┅┅┅┅┅┅
359,AUDIO-2026-04-05-19-32-54.m4a,AUDIO-2025/2026,05/04/2026,YES,6666,06/04/2026,,10:58,التعليق على كتاب التوحيد,,,🔸 الملخص شرح كتاب التوحيد 🔸 للعلامة صالح الفوزان حفظه الله 🔹 الدرس التاسع والثلاثون بجامع الورود - باب ( ما جاء من التغليظ فيمن عبد الله عند قبر رجل صالح فكيف اذا عبده ) بحي الورورد بجدة ١٧ /١٠/ ١٤٤٧ مع فضيلة الشيخ حسن بن محمد منصور الدغريري حفظه الله ورعاه 🎙 مدة الصوتية: 10:58 دقيقة --- 📌 للاستماع 
360,AUDIO-2026-04-05-23-17-44.m4a,AUDIO-2025/2026,05/04/2026,YES,6667,06/04/2026,,21:31,أفنان الندية,,,🔸 الأفنان الندية - كتاب النكاح 🔸 للعلامة زيد بن هادي مدخلي رحمه الله 🔹 الدرس العاشر - كتاب النكاح - باب الحث عليه عن بُعد - ١٠/١٧ / ١٤٤٧. مع فضيلة الشيخ حسن بن محمد منصور الدغريري حفظه الله ورعاه 🎙 مدة الصوتية : 21:31 دقيقة --- 📌 للاستماع عبر التلجرام: ╭─═┅┅┅┅┅┅┅═─╮ https://t.me/daririhasan/6666 ╰─═
361,AUDIO-2026-04-06-19-17-42.m4a,AUDIO-2025/2026,06/04/2026,YES,6684,08/04/2026,,51:26,تأسيس الأحكام,,,‏‌‏‌🔸 تأسيس الأحكام شرح عمدة الأحكام 🔸 للعلامة أحمد النجمي رحمه الله 🔹 الدرس التاسع والعشرون - كتاب الصلاة - باب قصر الصلاة في السفر - بجامع الورود بحي الورود بجدة - ١٨/ ١٠/ ١٤٤٧ مع فضيلة الشيخ حسن بن محمد منصور الدغريري حفظه الله ورعاه 🎙 مدة الصوتية: 51:26 دقيقة --- 📌 للاستماع عبر التلجرام: ╭─═┅┅┅┅
362,AUDIO-2026-04-06-19-19-46.m4a,AUDIO-2025/2026,06/04/2026,YES,6685,08/04/2026,1447/10/18,6:43,,,,🔸 الملخص الفقهي 🔸 للعلامة صالح الفوزان حفظه الله 🔹 الدرس الثامن و الثلاثون بجامع الورود من كتاب الصلاة( ١٧) باب في الضحى بحي الورورد بجدة - ١٤٤٧/١٠/١٨ مع فضيلة الشيخ حسن بن محمد منصور الدغريري حفظه الله ورعاه 🎙 مدة الصوتية 6:43 دقيقة --- 📌 للاستماع عبر التلجرام: ╭─═┅┅┅┅┅┅┅═─╮ https://t.me/daririhasa
363,AUDIO-2026-04-07-19-40-30.m4a,AUDIO-2025/2026,07/04/2026,YES,6687,08/04/2026,,6:50,التعليق على كتاب التوحيد,,,🔸 الملخص شرح كتاب التوحيد 🔸 للعلامة صالح الفوزان حفظه الله 🔹 الدرس الاربعون بجامع الورود - باب ( ما جاء أن الغلو في قبور الصالحين تضيرها أوثاناً تعبد من دون الله ) بحي الورورد بجدة ١٩ /١٠/ ١٤٤٧ مع فضيلة الشيخ حسن بن محمد منصور الدغريري حفظه الله ورعاه 🎙 مدة الصوتية: 6:50 دقيقة --- 📌 للاستماع عبر الت
364,AUDIO-2026-04-08-18-26-52.m4a,AUDIO-2025/2026,08/04/2026,YES,6705,09/04/2026,1447/10/20,6:20,,,,🔸 الملخص الفقهي 🔸 للعلامة صالح الفوزان حفظه الله 🔹 الدرس التاسع و الثلاثون بجامع الورود من كتاب الصلاة(١٨) باب في سجود التلاوة بحي الورورد بجدة - ١٤٤٧/١٠/٢٠ مع فضيلة الشيخ حسن بن محمد منصور الدغريري حفظه الله ورعاه 🎙 مدة الصوتية 6:20 دقيقة --- 📌 للاستماع عبر التلجرام: ╭─═┅┅┅┅┅┅┅═─╮ https://t.me/dari
365,AUDIO-2026-04-11-08-31-40.m4a,AUDIO-2025/2026,11/04/2026,YES,6750,12/04/2026,,52:31,تنبيه الأنام,,,🔸 تنبيه الانام على ما في كتاب سبل السلام من الفوائد والأحكام كتاب الطهارة - باب نواقض الوضوء 🔸 للعلامة أحمد النجمي رحمه الله 🔹 الدرس التاسع بجامع الورود بحي الورود بجدة - السبت ٢٣ / ١٠ / ١٤٤٧ مع فضيلة الشيخ حسن بن محمد منصور الدغريري حفظه الله ورعاه 🎙 مدة الصوتية: 52:31 دقيقة --- 📌 للاستماع عبر التل
366,AUDIO-2026-04-11-08-34-04.m4a,AUDIO-2025/2026,11/04/2026,YES,6751,12/04/2026,,29:32,السيرة النبوية,,,‏‌‏‌🔸 مختصر السيرة النبوية 🔸 للإمام محمد بن عبدالوهاب رحمه الله 🔹 الدرس الدرس الثامن - سؤالهم عن الروح وأهل الكتاب بجامع الورود بحي الورود بجدة - السبت - ٢٣ / ١٠ / ١٤٤٧ مع فضيلة الشيخ حسن بن محمد منصور الدغريري حفظه الله ورعاه 🎙 مدة الصوتية : 29:32 دقيقة --- 📌 للاستماع عبر التلجرام: ╭─═┅┅┅┅┅┅┅═─╮ ht
367,AUDIO-2026-04-11-22-02-46.m4a,AUDIO-2025/2026,11/04/2026,YES,6752,12/04/2026,,55:14,الموجز الممهد,,,‏‌‏‌🔸 الشرح الموجز الممهد لتوحيد الخالق الممجد الذي ألفه شيخ الإسلام محمد 🔸 للعلامة أحمد النجمي حفظه الله 🔹 الدرس الخامس بجامع الورود بحي الورورد بجدة - ٢٣ / ١٠/ ١٤٤٧ مع فضيلة الشيخ حسن بن محمد منصور الدغريري حفظه الله ورعاه 🎙 مدة الصوتية: 55:14 دقيقة --- 📌 للاستماع عبر التلجرام: ╭─═┅┅┅┅┅┅┅═─╮ https
368,AUDIO-2026-04-11-22-49-59.m4a,AUDIO-2025/2026,11/04/2026,YES,6754,12/04/2026,,41:25,المورد العذب الزلال,,,🔸 المورد العذب الزلال 🔸 للعلامة أحمد النجمي حفظه الله 🔹 الدرس الحادي عشر بجامع الورود بحي الورورد بجدة - السبت ١٩ /٨ /١٤٤٧ مع فضيلة الشيخ حسن بن محمد منصور الدغريري حفظه الله ورعاه 🎙 مدة الصوتية: 41:25 دقيقة --- 📌 للاستماع عبر التلجرام: ╭─═┅┅┅┅┅┅┅═─╮ https://t.me/daririhasan/6754 ╰─═┅┅┅┅┅┅┅═─╯ 📌 راب
369,AUDIO-2026-04-11-22-57-54.m4a,AUDIO-2025/2026,11/04/2026,YES,6755,12/04/2026,,35:44,المورد العذب الزلال,,,🔸 المورد العذب الزلال 🔸 للعلامة أحمد النجمي حفظه الله 🔹 الدرس الثاني عشر بجامع الورود بحي الورورد بجدة - السبت ٢٣ /١٠ /١٤٤٧ مع فضيلة الشيخ حسن بن محمد منصور الدغريري حفظه الله ورعاه 🎙 مدة الصوتية: 35:44 دقيقة --- 📌 للاستماع عبر التلجرام: ╭─═┅┅┅┅┅┅┅═─╮ https://t.me/daririhasan/6755 ╰─═┅┅┅┅┅┅┅═─╯ 📌 را
370,AUDIO-2026-04-13-02-55-07.m4a,AUDIO-2025/2026,13/04/2026,YES,6803,16/04/2026,,51:54,تأسيس الأحكام,,,‏‌‏‌🔸 تأسيس الأحكام شرح عمدة الأحكام 🔸 للعلامة أحمد النجمي رحمه الله 🔹 الدرس الثلاثون - كتاب الصلاة - باب الجمعة - بجامع الورود بحي الورود بجدة - ٢٤ / ١٠ / ١٤٤٧ مع فضيلة الشيخ حسن بن محمد منصور الدغريري حفظه الله ورعاه 🎙 مدة الصوتية: 51:54 دقيقة --- 📌 للاستماع عبر التلجرام: ╭─═┅┅┅┅┅┅┅═─╮ https://t.m
371,AUDIO-2026-04-13-02-58-34.m4a,AUDIO-2025/2026,13/04/2026,YES,6804,16/04/2026,,11:42,التعليق على كتاب التوحيد,,,🔸 الملخص شرح كتاب التوحيد 🔸 للعلامة صالح الفوزان حفظه الله 🔹 الدرس الدرس الحادي والأربعون بجامع الورود - باب ( ما جاء في حماية المصطفى جناب التوحيد وسده كل طريق يوصل الى الشرك ) بحي الورورد بجدة ٢٤ / ١٠ / ١٤٤٧ مع فضيلة الشيخ حسن بن محمد منصور الدغريري حفظه الله ورعاه 🎙 مدة الصوتية: 11:42 دقيقة --- 📌
372,AUDIO-2026-04-13-17-35-29.m4a,AUDIO-2025/2026,13/04/2026,YES,6805,16/04/2026,,54:19,تأسيس الأحكام,,,‏‌‏‌🔸 تأسيس الأحكام شرح عمدة الأحكام 🔸 للعلامة أحمد النجمي رحمه الله 🔹 الدرس الحادي والثلاثون - كتاب الصلاة - باب الجمعة - بجامع الورود بحي الورود بجدة - ٢٥ / ١٠ / ١٤٤٧ مع فضيلة الشيخ حسن بن محمد منصور الدغريري حفظه الله ورعاه 🎙 مدة الصوتية: 54:19 دقيقة --- 📌 للاستماع عبر التلجرام: ╭─═┅┅┅┅┅┅┅═─╮ htt
373,AUDIO-2026-04-13-17-36-14.m4a,AUDIO-2025/2026,13/04/2026,YES,6806,16/04/2026,,10:11,,,,🔸 الملخص الفقهي 🔸 للعلامة صالح الفوزان حفظه الله 🔹 الدرس الأربعون بجامع الورود من كتاب الصلاة(١٩) باب في التطوع المطلق بحي الورورد بجدة - ٢٥ / ١٠ / ١٤٤٧ مع فضيلة الشيخ حسن بن محمد منصور الدغريري حفظه الله ورعاه 🎙 مدة الصوتية 10:11 دقيقة --- 📌 للاستماع عبر التلجرام: ╭─═┅┅┅┅┅┅┅═─╮ https://t.me/daririh
374,AUDIO-2026-04-14-14-06-42.m4a,AUDIO-2025/2026,14/04/2026,YES,6809,16/04/2026,,10:35,,,,🔸 التفسير الميسر ( سورة الغاشية ) 🔸 قام بإعداده نخبة من أهل العلم 🔹 الدرس السابع عشر في جامع الورود بحي الورود بجدة - السبت ١٢ / ٨ / ١٤٤٧ مع فضيلة الشيخ حسن بن محمد منصور الدغريري حفظه الله ورعاه 🎙 مدة الصوتية: 10:35 دقيقة --- 📌 للاستماع عبر التلجرام: ╭─═┅┅┅┅┅┅┅═─╮ https://t.me/daririhasan/6809 ╰─═┅
375,AUDIO-2026-04-14-14-13-51.m4a,AUDIO-2025/2026,14/04/2026,YES,6808,16/04/2026,,7:33,,,,🔸 التفسير الميسر ( سورة الاعلى ) 🔸 قام بإعداده نخبة من أهل العلم 🔹 الدرس السادس عشر في جامع الورود بحي الورود بجدة - السبت ٢٨ / ٧ / ١٤٤٧ مع فضيلة الشيخ حسن بن محمد منصور الدغريري حفظه الله ورعاه 🎙 مدة الصوتية: 7:33 دقيقة --- 📌 للاستماع عبر التلجرام: ╭─═┅┅┅┅┅┅┅═─╮ https://t.me/daririhasan/6808 ╰─═┅┅┅
376,AUDIO-2026-04-15-20-46-56.m4a,AUDIO-2025/2026,15/04/2026,YES,6811,16/04/2026,,8:01,,,,🔸 الملخص الفقهي 🔸 للعلامة صالح الفوزان حفظه الله 🔹 الدرس الحادي والأربعون بجامع الورود من كتاب الصلاة(٢٠) باب أوقات النهي عن الصلاة فيها بحي الورورد بجدة - ٢٧ / ١٠ / ١٤٤٧ مع فضيلة الشيخ حسن بن محمد منصور الدغريري حفظه الله ورعاه 🎙 مدة الصوتية 8:01 دقيقة --- 📌 للاستماع عبر التلجرام: ╭─═┅┅┅┅┅┅┅═─╮ htt
377,AUDIO-2026-04-15-21-10-32.m4a,AUDIO-2025/2026,15/04/2026,YES,6814,16/04/2026,1447/10/27,55:57,,,,🔸 صفة الحج (حكمه وأحكامه وشروطه ومواقيت الإحرام) 🔸 للعلامة أحمد النجمي رحمه الله 🔹 المجلس الثاني - ١٤٤٧/١٠/٢٧ بجامع الورود بحي الورود بجدة مع فضيلة الشيخ حسن بن محمد منصور الدغريري حفظه الله ورعاه 🎙 مدة الصوتية: 55:57 دقيقة --- 📌 للاستماع عبر التلجرام: ╭─═┅┅┅┅┅┅┅═─╮ https://t.me/daririhasan/6814 ╰─═
378,AUDIO-2026-04-15-21-11-35.m4a,AUDIO-2025/2026,15/04/2026,YES,6813,16/04/2026,1447/10/27,1:00,,,,🔸 صفة الحج (حكمه وأحكامه وشروطه ومواقيت الإحرام) 🔸 للعلامة أحمد النجمي رحمه الله 🔹 المجلس الأول - ١٤٤٧/١٠/٢٧ بجامع الورود بحي الورود بجدة مع فضيلة الشيخ حسن بن محمد منصور الدغريري حفظه الله ورعاه 🎙 مدة الصوتية: 1:00:01 دقيقة --- 📌 للاستماع عبر التلجرام: ╭─═┅┅┅┅┅┅┅═─╮ https://t.me/daririhasan/6813 ╰─
379,AUDIO-2026-04-18-12-20-30.m4a,AUDIO-2025/2026,18/04/2026,YES,6852,20/04/2026,,38:01,السيرة النبوية,,,‏‌‏‌🔸 مختصر السيرة النبوية 🔸 للإمام محمد بن عبدالوهاب رحمه الله 🔹 الدرس الدرس التاسع - الهجرة (بيعة العقبة) بجامع الورود بحي الورود بجدة - السبت - ١ / ١١ / ١٤٤٧ مع فضيلة الشيخ حسن بن محمد منصور الدغريري حفظه الله ورعاه 🎙 مدة الصوتية : 38:01 دقيقة --- 📌 للاستماع عبر التلجرام: ╭─═┅┅┅┅┅┅┅═─╮ https://t.
380,AUDIO-2026-04-18-20-48-22.m4a,AUDIO-2025/2026,18/04/2026,YES,6853,20/04/2026,1447/11/01,47:01,الموجز الممهد,,,‏‌‏‌🔸 الشرح الموجز الممهد لتوحيد الخالق الممجد الذي ألفه شيخ الإسلام محمد 🔸 للعلامة أحمد النجمي حفظه الله 🔹 الدرس السادس - باب قول الله تعالى : ( إنك لاتهدي من أحببت ولكن الله يهدي من يشاء ) - بجامع الورود بحي الورورد بجدة - ١٤٤٧/١١/١ مع فضيلة الشيخ حسن بن محمد منصور الدغريري حفظه الله ورعاه 🎙 مدة ا
381,AUDIO-2026-04-18-20-49-59.m4a,AUDIO-2025/2026,18/04/2026,YES,6855,20/04/2026,,35:10,المورد العذب الزلال,,,🔸 المورد العذب الزلال 🔸 للعلامة أحمد النجمي حفظه الله 🔹 الدرس الثالث عشر بجامع الورود بحي الورورد بجدة - السبت ١ /١١ /١٤٤٧ مع فضيلة الشيخ حسن بن محمد منصور الدغريري حفظه الله ورعاه 🎙 مدة الصوتية: 35:10 دقيقة --- 📌 للاستماع عبر التلجرام: ╭─═┅┅┅┅┅┅┅═─╮ https://t.me/daririhasan/6855 ╰─═┅┅┅┅┅┅┅═─╯ 📌 راب
382,AUDIO-2026-04-20-09-39-58.m4a,AUDIO-2025/2026,20/04/2026,YES,6857,20/04/2026,1447/11/02,26:44,تأسيس الأحكام,,,‏‌‏‌🔸 تأسيس الأحكام شرح عمدة الأحكام 🔸 للعلامة أحمد النجمي رحمه الله 🔹 الدرس الثاني والثلاثون - كتاب الصلاة - باب صلاة العيدين- بجامع الورود بحي الورود بجدة - ١٤٤٧/١١/٢ مع فضيلة الشيخ حسن بن محمد منصور الدغريري حفظه الله ورعاه 🎙 مدة الصوتية: 26:44 دقيقة --- 📌 للاستماع عبر التلجرام: ╭─═┅┅┅┅┅┅┅═─╮ htt
383,AUDIO-2026-04-20-09-41-03.m4a,AUDIO-2025/2026,20/04/2026,YES,6858,20/04/2026,1447/11/02,7:58,التعليق على كتاب التوحيد,,,🔸 الملخص شرح كتاب التوحيد 🔸 للعلامة صالح الفوزان حفظه الله 🔹 الدرس الدرس الثاني والأربعون بجامع الورود - باب ما جاء في أن بعض هذه الأمة يعبد الاوثان بحي الورورد بجدة ١٤٤٧/١١/٢ مع فضيلة الشيخ حسن بن محمد منصور الدغريري حفظه الله ورعاه 🎙 مدة الصوتية: 7:58 دقيقة --- 📌 للاستماع عبر التلجرام: ╭─═┅┅┅┅┅┅┅═
384,AUDIO-2026-04-20-18-06-20.m4a,AUDIO-2025/2026,20/04/2026,YES,6878,24/04/2026,1447/11/03,42:16,تأسيس الأحكام,,,‏‌‏‌🔸 تأسيس الأحكام شرح عمدة الأحكام 🔸 للعلامة أحمد النجمي رحمه الله 🔹 الدرس الثالث والثلاثون - كتاب الصلاة - باب صلاة الكسوف- بجامع الورود بحي الورود بجدة - ١٤٤٧/١١/٣ مع فضيلة الشيخ حسن بن محمد منصور الدغريري حفظه الله ورعاه 🎙 مدة الصوتية: 42:16 دقيقة --- 📌 للاستماع عبر التلجرام: ╭─═┅┅┅┅┅┅┅═─╮ http
385,AUDIO-2026-04-21-16-43-01.m4a,AUDIO-2025/2026,21/04/2026,YES,6880,24/04/2026,1447/11/04,10:15,التعليق على كتاب التوحيد,,,🔸 الملخص شرح كتاب التوحيد 🔸 للعلامة صالح الفوزان حفظه الله 🔹 الدرس الدرس الثالث والأربعون بجامع الورود - باب ما جاء في أن بعض هذه الأمة يعبد الاوثان بحي الورورد بجدة ١٤٤٧/١١/٤ مع فضيلة الشيخ حسن بن محمد منصور الدغريري حفظه الله ورعاه 🎙 مدة الصوتية: 10:15 دقيقة --- 📌 للاستماع عبر التلجرام: ╭─═┅┅┅┅┅┅┅
386,AUDIO-2026-04-22-18-26-40.m4a,AUDIO-2025/2026,22/04/2026,YES,6883,24/04/2026,1447/11/05,11:42,,,,🔸 الملخص الفقهي 🔸 للعلامة صالح الفوزان حفظه الله 🔹 الدرس الثالث والأربعون بجامع الورود من كتاب الصلاة(٢٢) باب صلاة الجماعة بحي الورورد بجدة - ١٤٤٧/١١/٥ مع فضيلة الشيخ حسن بن محمد منصور الدغريري حفظه الله ورعاه 🎙 مدة الصوتية 11:42 دقيقة --- 📌 للاستماع عبر التلجرام: ╭─═┅┅┅┅┅┅┅═─╮ https://t.me/daririha
387,AUDIO-2026-04-22-18-34-52.m4a,AUDIO-2025/2026,22/04/2026,YES,6884,24/04/2026,1447/11/03,11:07,,,,🔸 الملخص الفقهي 🔸 للعلامة صالح الفوزان حفظه الله 🔹 الدرس الثاني والأربعون بجامع الورود من كتاب الصلاة(٢١) باب صلاة الجماعة بحي الورورد بجدة - ١٤٤٧/١١/٣ مع فضيلة الشيخ حسن بن محمد منصور الدغريري حفظه الله ورعاه 🎙 مدة الصوتية 11:07 دقيقة --- 📌 للاستماع عبر التلجرام: ╭─═┅┅┅┅┅┅┅═─╮ https://t.me/daririha
388,AUDIO-2026-04-26-18-20-52.m4a,AUDIO-2025/2026,26/04/2026,YES,6945,29/04/2026,1447/11/09,36:11,تأسيس الأحكام,,,‏‌‏‌🔸 تأسيس الأحكام شرح عمدة الأحكام 🔸 للعلامة أحمد النجمي رحمه الله 🔹 الدرس الرابع والثلاثون - كتاب الصلاة - باب صلاة الاستسقاء- بجامع الورود بحي الورود بجدة - ١٤٤٧/١١/٩ مع فضيلة الشيخ حسن بن محمد منصور الدغريري حفظه الله ورعاه 🎙 مدة الصوتية: 36:11 دقيقة --- 📌 للاستماع عبر التلجرام: ╭─═┅┅┅┅┅┅┅═─╮ h
389,AUDIO-2026-04-27-15-52-42.m4a,AUDIO-2025/2026,27/04/2026,YES,6948,29/04/2026,1447/11/09,7:56,التعليق على كتاب التوحيد,,,🔸 الملخص شرح كتاب التوحيد 🔸 للعلامة صالح الفوزان حفظه الله 🔹 الدرس الدرس الرابع والأربعون بجامع الورود - باب ما جاء في السحر بحي الورورد بجدة ١٤٤٧/١١/٩ مع فضيلة الشيخ حسن بن محمد منصور الدغريري حفظه الله ورعاه 🎙 مدة الصوتية: 7:56 دقيقة --- 📌 للاستماع عبر التلجرام: ╭─═┅┅┅┅┅┅┅═─╮ https://t.me/daririha
390,AUDIO-2026-04-27-19-08-14.m4a,AUDIO-2025/2026,27/04/2026,YES,6949,29/04/2026,1447/11/10,14:27,,,,🔸 الملخص الفقهي 🔸 للعلامة صالح الفوزان حفظه الله 🔹 الدرس الثالث والأربعون بجامع الورود من كتاب الصلاة(٢٣) باب صلاة المسبوق بحي الورورد بجدة - ١٤٤٧/١١/١٠ مع فضيلة الشيخ حسن بن محمد منصور الدغريري حفظه الله ورعاه 🎙 مدة الصوتية 14:27 دقيقة --- 📌 للاستماع عبر التلجرام: ╭─═┅┅┅┅┅┅┅═─╮ https://t.me/daririh
391,AUDIO-2026-05-03-15-22-36.m4a,AUDIO-2025/2026,03/05/2026,YES,7077,04/05/2026,,43:42,تنبيه الأنام,,,🔸 تنبيه الانام على ما في كتاب سبل السلام من الفوائد والأحكام 🔸 للعلامة أحمد النجمي رحمه الله 🔹 الدرس الثاني عشر بجامع الورود بحي الورود بجدة - السبت ١٥ / ١١ / ١٤٤٧ مع فضيلة الشيخ حسن بن محمد منصور الدغريري حفظه الله ورعاه 🎙 مدة الصوتية: 43:42 دقيقة --- 📌 للاستماع عبر التلجرام: ╭─═┅┅┅┅┅┅┅═─╮ https://
392,AUDIO-2026-05-03-15-42-02.m4a,AUDIO-2025/2026,03/05/2026,YES,7078,04/05/2026,1447/11/12,8:08,التعليق على كتاب التوحيد,,,🔸 الملخص شرح كتاب التوحيد 🔸 للعلامة صالح الفوزان حفظه الله 🔹 الدرس الدرس الخامس والأربعون بجامع الورود بحي الورورد بجدة ١٤٤٧/١١/١٢ مع فضيلة الشيخ حسن بن محمد منصور الدغريري حفظه الله ورعاه 🎙 مدة الصوتية: 8:08 دقيقة --- 📌 للاستماع عبر التلجرام: ╭─═┅┅┅┅┅┅┅═─╮ https://t.me/daririhasan/7078 ╰─═┅┅┅┅┅┅┅═─
393,AUDIO-2026-05-03-17-33-54.m4a,AUDIO-2025/2026,03/05/2026,YES,7079,04/05/2026,1447/11/16,52:38,تأسيس الأحكام,,,‏‌‏‌🔸 تأسيس الأحكام شرح عمدة الأحكام 🔸 للعلامة أحمد النجمي رحمه الله 🔹 الدرس السادس والثلاثون - كتاب الجنائز - بجامع الورود بحي الورود بجدة - ١٤٤٧/١١/١٦ مع فضيلة الشيخ حسن بن محمد منصور الدغريري حفظه الله ورعاه 🎙 مدة الصوتية: 52:38 دقيقة --- 📌 للاستماع عبر التلجرام: ╭─═┅┅┅┅┅┅┅═─╮ https://t.me/dariri
394,AUDIO-2026-05-03-17-35-31.m4a,AUDIO-2025/2026,03/05/2026,YES,7080,04/05/2026,,6:47,التعليق على كتاب التوحيد,,,🔸 الملخص شرح كتاب التوحيد 🔸 للعلامة صالح الفوزان حفظه الله 🔹 الدرس الدرس الساس الاربعون بجامع الورود بحي الورورد بجدة ١٦ / ١١ / ١٤٤٧ مع فضيلة الشيخ حسن بن محمد منصور الدغريري حفظه الله ورعاه 🎙 مدة الصوتية: 6:47 دقيقة --- 📌 للاستماع عبر التلجرام: ╭─═┅┅┅┅┅┅┅═─╮ https://t.me/daririhasan/7080 ╰─═┅┅┅┅┅┅┅
395,AUDIO-2026-05-04-19-31-46.m4a,AUDIO-2025/2026,04/05/2026,YES,7133,08/05/2026,1447/11/17,8:12,,,,🔸 الملخص الفقهي 🔸 للعلامة صالح الفوزان حفظه الله 🔹 الدرس الخامس والأربعون بجامع الورود من كتاب الصلاة(٢٥) باب صلاة المسبوق بحي الورورد بجدة - ١٤٤٧/١١/١٧ مع فضيلة الشيخ حسن بن محمد منصور الدغريري حفظه الله ورعاه 🎙 مدة الصوتية 8:12 دقيقة --- 📌 للاستماع عبر التلجرام: ╭─═┅┅┅┅┅┅┅═─╮ https://t.me/daririha
396,AUDIO-2026-05-06-19-17-06 (1).m4a,AUDIO-2025/2026,06/05/2026,YES,7138,08/05/2026,1447/11/19,12:46,,,,🔸 الملخص الفقهي 🔸 للعلامة صالح الفوزان حفظه الله 🔹 الدرس السادس والأربعون بجامع الورود من كتاب الصلاة(٢٦) باب في من لاتصح إمامته في الصلاة بحي الورورد بجدة - ١٤٤٧/١١/١٩ مع فضيلة الشيخ حسن بن محمد منصور الدغريري حفظه الله ورعاه 🎙 مدة الصوتية 12:46 دقيقة --- 📌 للاستماع عبر التلجرام: ╭─═┅┅┅┅┅┅┅═─╮ http
397,AUDIO-2026-05-10-23-26-47.m4a,AUDIO-2025/2026,10/05/2026,YES,7214,12/05/2026,1447/11/23,34:09,تأسيس الأحكام,,,‏‌‏‌🔸 تأسيس الأحكام شرح عمدة الأحكام 🔸 للعلامة أحمد النجمي رحمه الله 🔹 الدرس الثامن والثلاثون - كتاب الجنائز - بجامع الورود بحي الورود بجدة - ١٤٤٧/١١/٢٣ مع فضيلة الشيخ حسن بن محمد منصور الدغريري حفظه الله ورعاه 🎙 مدة الصوتية: 34:09 دقيقة --- 📌 للاستماع عبر التلجرام: ╭─═┅┅┅┅┅┅┅═─╮ https://t.me/dariri
398,AUDIO-2026-05-10-23-30-14.m4a,AUDIO-2025/2026,10/05/2026,YES,7215,12/05/2026,1447/11/22,32:54,الموجز الممهد,,,‏‌‏‌🔸 الشرح الموجز الممهد لتوحيد الخالق الممجد الذي ألفه شيخ الإسلام محمد 🔸 للعلامة أحمد النجمي حفظه الله 🔹 الدرس الثامن - بجامع الورود بحي الورورد بجدة - ١٤٤٧/١١/٢٢ مع فضيلة الشيخ حسن بن محمد منصور الدغريري حفظه الله ورعاه 🎙 مدة الصوتية: 32:54 دقيقة --- 📌 للاستماع عبر التلجرام: ╭─═┅┅┅┅┅┅┅═─╮ https:
399,AUDIO-2026-05-11-08-21-22.m4a,AUDIO-2025/2026,11/05/2026,YES,7220,12/05/2026,,25:56,السيرة النبوية,,,‏‌‏‌🔸 مختصر السيرة النبوية 🔸 للإمام محمد بن عبدالوهاب رحمه الله 🔹 الدرس الدرس الحادي عشر بجامع الورود بحي الورود بجدة - السبت - ٢٢ / ١١ / ١٤٤٧ مع فضيلة الشيخ حسن بن محمد منصور الدغريري حفظه الله ورعاه 🎙 مدة الصوتية : 25:56 دقيقة --- 📌 للاستماع عبر التلجرام: ╭─═┅┅┅┅┅┅┅═─╮ https://t.me/daririhasan/722
400,AUDIO-2026-05-11-08-23-48.m4a,AUDIO-2025/2026,11/05/2026,YES,7222,12/05/2026,,36:37,تنبيه الأنام,,,🔸 تنبيه الانام على ما في كتاب سبل السلام من الفوائد والأحكام 🔸 للعلامة أحمد النجمي رحمه الله 🔹 الدرس الثالث عشر بجامع الورود بحي الورود بجدة - السبت ٢٢ / ١١ / ١٤٤٧ مع فضيلة الشيخ حسن بن محمد منصور الدغريري حفظه الله ورعاه 🎙 مدة الصوتية: 36:37 دقيقة --- 📌 للاستماع عبر التلجرام: ╭─═┅┅┅┅┅┅┅═─╮ https://
401,AUDIO-2026-05-11-17-57-14.m4a,AUDIO-2025/2026,11/05/2026,YES,7224,12/05/2026,1447/11/24,57:23,تأسيس الأحكام,,,‏‌‏‌🔸 تأسيس الأحكام شرح عمدة الأحكام 🔸 للعلامة أحمد النجمي رحمه الله 🔹 الدرس التاسع والثلاثون - كتاب الجنائز - بجامع الورود بحي الورود بجدة - ١٤٤٧/١١/٢٤ مع فضيلة الشيخ حسن بن محمد منصور الدغريري حفظه الله ورعاه 🎙 مدة الصوتية:57:23 دقيقة --- 📌 للاستماع عبر التلجرام: ╭─═┅┅┅┅┅┅┅═─╮ https://t.me/daririh
402,AUDIO-2026-05-12-14-17-26.m4a,AUDIO-2025/2026,12/05/2026,YES,7227,12/05/2026,1447/11/17,4:29,التعليق على كتاب التوحيد,,,🔸 الملخص شرح كتاب التوحيد 🔸 للعلامة صالح الفوزان حفظه الله 🔹 الدرس السابع والأربعين باب ما جاء في الكهانة و نحوهم بجامع الورود بحي الورورد بجدة ١٤٤٧/١١/١٧ مع فضيلة الشيخ حسن بن محمد منصور الدغريري حفظه الله ورعاه 🎙 مدة الصوتية: 4:29 دقيقة --- 📌 للاستماع عبر التلجرام: ╭─═┅┅┅┅┅┅┅═─╮ https://t.me/darir
403,AUDIO-2026-05-12-17-05-28.m4a,AUDIO-2025/2026,12/05/2026,YES,7260,14/05/2026,1447/11/24,6:23,التعليق على كتاب التوحيد,,,🔸 الملخص شرح كتاب التوحيد 🔸 للعلامة صالح الفوزان حفظه الله 🔹 الدرس الدرس التاسع والأربعين باب ما جاء في النشرة بجامع الورود بحي الورورد بجدة ١٤٤٧/١١/٢٤ مع فضيلة الشيخ حسن بن محمد منصور الدغريري حفظه الله ورعاه 🎙 مدة الصوتية: 6:23 دقيقة --- 📌 للاستماع عبر التلجرام: ╭─═┅┅┅┅┅┅┅═─╮ https://t.me/daririha
404,AUDIO-2026-05-15-21-57-08.m4a,AUDIO-2025/2026,15/05/2026,YES,7340,18/05/2026,,46:45,تنبيه الأنام,,,🔸 تنبيه الانام على ما في كتاب سبل السلام من الفوائد والأحكام 🔸 للعلامة أحمد النجمي رحمه الله 🔹 الدرس الرابع عشر بجامع الورود بحي الورود بجدة - ٢٨ / ١١ / ١٤٤٧ مع فضيلة الشيخ حسن بن محمد منصور الدغريري حفظه الله ورعاه 🎙 مدة الصوتية: 46:45 دقيقة --- 📌 للاستماع عبر التلجرام: ╭─═┅┅┅┅┅┅┅═─╮ https://t.me/d
405,AUDIO-2026-05-17-20-18-16.m4a,AUDIO-2025/2026,17/05/2026,YES,7346,18/05/2026,1447/11/30,42:00,تأسيس الأحكام,,,‏‌‏‌🔸 تأسيس الأحكام شرح عمدة الأحكام 🔸 للعلامة أحمد النجمي رحمه الله 🔹 الدرس الأربعون- كتاب الزكاة - بجامع الورود بحي الورود بجدة - ١٤٤٧/١١/٣٠ مع فضيلة الشيخ حسن بن محمد منصور الدغريري حفظه الله ورعاه 🎙 مدة الصوتية:42:00 دقيقة --- 📌 للاستماع عبر التلجرام: ╭─═┅┅┅┅┅┅┅═─╮ https://t.me/daririhasan/7346 
406,AUDIO-2026-05-18-18-08-46.m4a,AUDIO-2025/2026,18/05/2026,YES,7428,21/05/2026,1447/12/01,40:49,تأسيس الأحكام,,,‏‌‏‌🔸 تأسيس الأحكام شرح عمدة الأحكام 🔸 للعلامة أحمد النجمي رحمه الله 🔹 الدرس الحادي و الأربعون- كتاب الزكاة - بجامع الورود بحي الورود بجدة - ١٤٤٧/١٢/١ مع فضيلة الشيخ حسن بن محمد منصور الدغريري حفظه الله ورعاه 🎙 مدة الصوتية:40:49 دقيقة --- 📌 للاستماع عبر التلجرام: ╭─═┅┅┅┅┅┅┅═─╮ https://t.me/daririhas
407,AUDIO-2026-05-18-20-33-02.m4a,AUDIO-2025/2026,18/05/2026,YES,7429,21/05/2026,1447/12/01,8:12,,,,🔸 الملخص الفقهي 🔸 للعلامة صالح الفوزان حفظه الله 🔹 الدرس الثامن والأربعون بجامع الورود من كتاب الصلاة(٢٨) باب في صلاة أهل الأعذار بحي الورورد بجدة - ١٤٤٧/١٢/١ مع فضيلة الشيخ حسن بن محمد منصور الدغريري حفظه الله ورعاه 🎙 مدة الصوتية 8:12 دقيقة --- 📌 للاستماع عبر التلجرام: ╭─═┅┅┅┅┅┅┅═─╮ https://t.me/da
408,AUDIO-2026-05-27-07-05-28.m4a,AUDIO-2025/2026,27/05/2026,YES,7483,27/05/2026,1447/12/10,12:05,خطبة عيد,,,🔸 خطبة عيد الأضحى المبارك لعام ١٤٤٧ هـ بجامع الورود بحي الورود بجدة 🔹 الاربعاء - ١٤٤٧/١٢/١٠ مع فضيلة الشيخ حسن بن محمد منصور الدغريري حفظه الله ورعاه 🎙 مدة الصوتية : 12:05 دقيقة --- 📌 للاستماع عبر التلجرام: ╭─═┅┅┅┅┅┅┅═─╮ https://t.me/daririhasan/7483 ╰─═┅┅┅┅┅┅┅═─╯ 📌 رابط القناة على الواتساب: ╭─═┅┅┅┅
